network,channels,model,steps_to_disruption,number_of_components,global_efficiency,largest_component_nodes,nodes_count,edges_count
2,32,IsF,776,387,0.0052874215625217024,70,1080,995
2,32,COV,1277,369,0.006760474178496001,67,579,264
2,32,SVM,833,887,0.0005394835929524395,18,1023,180
2,32,OS1,982,257,0.008782149481976604,59,874,1109
2,32,OS2,1056,394,0.004066895375171356,30,800,586
2,32,CoADA,1064,407,0.003890593065687875,34,792,483
2,32,DSVDD,1157,456,0.002784165672614598,41,699,303
2,32,AnoGAN,1284,334,0.0037141929873978972,24,572,363
2,64,IsF,1003,327,0.0072115698521257885,55,853,815
2,64,COV,1293,475,0.0017682976934697843,22,563,108
2,64,SVM,1482,332,0.00068099382087712,5,374,42
2,64,OS1,921,225,0.009997810687443542,68,935,1303
2,64,OS2,608,619,0.002243188903674077,40,1248,737
2,64,CoADA,1101,253,0.0076122608709956975,41,755,869
2,64,DSVDD,1215,373,0.0032180349713988574,19,641,330
2,64,AnoGAN,1231,197,0.008914715099715259,52,625,722
2,128,IsF,1126,152,0.011951909388066185,67,730,1114
2,128,COV,1322,534,0.0,1,534,0
2,128,SVM,933,310,0.007763738218810929,110,923,922
2,128,OS1,869,186,0.013008546534291726,86,987,1530
2,128,OS2,1278,266,0.005949589541189027,31,578,458
2,128,CoADA,1076,357,0.00481398148278771,38,780,574
2,128,DSVDD,1001,311,0.005855444610323625,58,855,782
2,128,AnoGAN,1135,201,0.009957775140391558,53,721,893
2,256,IsF,984,154,0.01443567406014431,85,872,1361
2,256,COV,1301,550,6.504699645493869e-05,6,555,5
2,256,SVM,1285,293,0.005574429360031679,34,571,418
2,256,OS1,736,174,0.01499371157464684,140,1120,1754
2,256,OS2,1367,244,0.005783102573558158,28,489,341
2,256,CoADA,1036,282,0.007462348917052558,56,820,856
2,256,DSVDD,1274,287,0.0052485135154546215,33,582,350
2,256,AnoGAN,802,181,0.01573872092071747,176,1054,1699
3,32,IsF,1819,791,0.003120057829040755,235,2234,1933
3,32,COV,2953,760,0.002195727765584657,39,1100,517
3,32,SVM,2934,1119,0.0,1,1119,0
3,32,OS1,2114,330,0.01707993854680498,427,1939,3660
3,32,OS2,1727,1370,0.0007833143464020243,27,2326,1096
3,32,CoADA,2380,630,0.005443062203117057,206,1673,2108
3,32,DSVDD,2947,925,0.0009020862483260099,35,1106,191
3,32,AnoGAN,3084,534,0.0031052344422287928,42,969,867
3,64,IsF,2429,760,0.0018386651307919848,70,1624,1121
3,64,COV,2917,932,0.001625741970176404,50,1136,325
3,64,SVM,2055,1671,0.0003438925488666763,17,1998,461
3,64,OS1,2042,323,0.020714113228636484,620,2011,3802
3,64,OS2,2600,881,0.0012955364852693363,31,1453,757
3,64,CoADA,3078,811,0.00045595745801084594,8,975,175
3,64,DSVDD,2542,755,0.0020619329356831987,52,1511,898
3,64,AnoGAN,1969,374,0.01677283944577191,502,2084,3478
3,128,IsF,1239,280,0.030729717766883557,1084,2814,5744
3,128,COV,2934,1048,0.0009485426281984681,42,1119,131
3,128,SVM,2934,1119,0.0,1,1119,0
3,128,OS1,1584,321,0.026124417930620595,844,2469,4859
3,128,OS2,2836,651,0.0026605534609943156,50,1217,986
3,128,CoADA,2638,712,0.0023586378973946545,68,1415,999
3,128,DSVDD,2697,497,0.0070617612639140275,162,1356,1546
3,128,AnoGAN,2471,402,0.011650445585790942,296,1582,2349
3,256,IsF,1630,258,0.028748267072540665,910,2423,4939
3,256,COV,2935,1100,0.00015735030100752276,19,1118,43
3,256,SVM,2358,640,0.006730354774725456,207,1695,2180
3,256,OS1,1362,302,0.028814587082424726,973,2691,5363
3,256,OS2,2983,528,0.002900150060392423,61,1070,897
3,256,CoADA,2586,630,0.004322691449832586,185,1467,1460
3,256,DSVDD,2855,458,0.007584899092051478,140,1198,1419
3,256,AnoGAN,1299,305,0.0301221367365407,992,2754,5534
9,32,IsF,25,2,0.8973684210526316,19,20,170
9,32,COV,22,5,0.6067193675889329,18,23,153
9,32,SVM,27,6,0.19172113289760348,7,18,25
9,32,OS1,24,2,0.9,20,21,188
9,32,OS2,20,4,0.7683333333333333,22,25,230
9,32,CoADA,25,2,0.8973684210526316,19,20,170
9,32,DSVDD,41,4,0.0,1,4,0
9,32,AnoGAN,21,3,0.8333333333333334,22,24,229
9,64,IsF,22,2,0.9110671936758893,22,23,230
9,64,COV,26,5,0.5380116959064327,14,19,92
9,64,SVM,35,8,0.06666666666666667,3,10,3
9,64,OS1,21,2,0.9148550724637681,23,24,252
9,64,OS2,18,3,0.8518518518518519,25,27,298
9,64,CoADA,15,2,0.8595785440613039,29,30,351
9,64,DSVDD,39,4,0.2,3,6,3
9,64,AnoGAN,21,2,0.9148550724637681,23,24,252
9,128,IsF,19,2,0.92,25,26,298
9,128,COV,30,4,0.45714285714285713,10,15,48
9,128,SVM,35,4,0.18888888888888888,3,10,8
9,128,OS1,20,2,0.9183333333333333,24,25,275
9,128,OS2,21,3,0.8333333333333334,22,24,229
9,128,CoADA,16,3,0.8004926108374384,26,29,324
9,128,DSVDD,35,6,0.15555555555555556,4,10,7
9,128,AnoGAN,19,2,0.92,25,26,298
9,256,IsF,19,3,0.78,23,26,253
9,256,COV,26,7,0.45614035087719296,13,19,78
9,256,SVM,38,5,0.09523809523809523,2,7,2
9,256,OS1,18,3,0.7279202279202279,23,27,255
9,256,OS2,19,3,0.8461538461538461,24,26,274
9,256,CoADA,35,2,0.7888888888888889,9,10,35
9,256,DSVDD,40,3,0.3,3,5,3
9,256,AnoGAN,17,3,0.7367724867724867,24,28,278
15,32,IsF,22,6,0.07142857142857142,2,8,2
15,32,COV,20,6,0.13333333333333333,3,10,6
15,32,SVM,17,10,0.038461538461538464,2,13,3
15,32,OS1,21,5,0.14814814814814814,4,9,4
15,32,OS2,20,7,0.08888888888888889,3,10,4
15,32,CoADA,18,6,0.15151515151515152,4,12,10
15,32,DSVDD,14,7,0.1375,6,16,13
15,32,AnoGAN,21,5,0.16666666666666666,3,9,6
15,64,IsF,23,4,0.19047619047619047,3,7,4
15,64,COV,21,7,0.05555555555555555,2,9,2
15,64,SVM,21,7,0.08333333333333333,3,9,3
15,64,OS1,23,4,0.16666666666666666,3,7,3
15,64,OS2,15,5,0.24285714285714288,8,15,18
15,64,CoADA,20,4,0.36666666666666664,7,10,12
15,64,DSVDD,19,7,0.12727272727272726,4,11,7
15,64,AnoGAN,18,7,0.09090909090909091,3,12,6
15,128,IsF,20,6,0.15555555555555556,4,10,7
15,128,COV,22,5,0.15476190476190474,4,8,3
15,128,SVM,17,8,0.07051282051282051,3,13,5
15,128,OS1,23,4,0.19047619047619047,3,7,4
15,128,OS2,21,6,0.1388888888888889,4,9,4
15,128,CoADA,22,6,0.07142857142857142,2,8,2
15,128,DSVDD,15,10,0.06666666666666667,3,15,7
15,128,AnoGAN,17,6,0.15918803418803418,5,13,10
15,256,IsF,18,6,0.12121212121212122,4,12,7
15,256,COV,22,6,0.08928571428571429,3,8,2
15,256,SVM,15,7,0.13015873015873014,6,15,9
15,256,OS1,22,5,0.125,3,8,3
15,256,OS2,11,5,0.24707602339181287,13,19,21
15,256,CoADA,16,7,0.13644688644688643,5,14,10
15,256,DSVDD,19,5,0.18333333333333332,6,11,6
15,256,AnoGAN,23,5,0.09523809523809523,2,7,2
22,32,IsF,83,30,0.054051954114979504,32,120,163
22,32,COV,159,38,0.008985200845665961,4,44,8
22,32,SVM,129,69,0.0022213994816734544,3,74,5
22,32,OS1,104,24,0.062114340685769376,30,99,132
22,32,OS2,118,27,0.06454715219421082,24,85,100
22,32,CoADA,130,41,0.0213089802130898,7,73,46
22,32,DSVDD,117,46,0.02364341085271319,10,86,58
22,32,AnoGAN,126,37,0.03161881977671452,13,77,56
22,64,IsF,87,27,0.0612090383379743,33,116,159
22,64,COV,160,36,0.012181616832779624,4,43,11
22,64,SVM,144,42,0.015000974089226573,5,59,21
22,64,OS1,85,31,0.05965298041569267,32,118,164
22,64,OS2,124,29,0.04508276533592988,12,79,87
22,64,CoADA,143,37,0.018926553672316385,5,60,26
22,64,DSVDD,156,28,0.023743447425223562,5,47,20
22,64,AnoGAN,129,39,0.03196347031963471,16,74,44
22,128,IsF,70,26,0.06329351517321487,43,133,204
22,128,COV,140,46,0.01565966888547534,6,63,22
22,128,SVM,133,40,0.030572808833678414,11,70,49
22,128,OS1,72,24,0.07294154107131236,47,131,204
22,128,OS2,136,31,0.03116990803557968,7,67,51
22,128,CoADA,137,37,0.02925407925407923,11,66,39
22,128,DSVDD,154,28,0.03684807256235827,10,49,28
22,128,AnoGAN,115,29,0.048655271931133906,21,88,96
22,256,IsF,86,28,0.05684322063632435,29,117,175
22,256,COV,128,60,0.007267267267267269,5,75,16
22,256,SVM,134,35,0.033319124751349814,11,69,56
22,256,OS1,68,30,0.06277431186220625,42,135,196
22,256,OS2,140,39,0.021932070319167093,8,63,33
22,256,CoADA,122,37,0.03912330981775427,21,81,55
22,256,DSVDD,131,29,0.039449660928534205,10,72,67
22,256,AnoGAN,65,30,0.06326218769887484,44,138,204
28,32,IsF,55,6,0.1944444444444444,7,12,6
28,32,COV,36,26,0.015053763440860216,4,31,6
28,32,SVM,44,14,0.06455862977602107,6,23,12
28,32,OS1,39,7,0.3020282186948861,21,28,39
28,32,OS2,49,16,0.013071895424836602,2,18,2
28,32,CoADA,43,9,0.2019927536231883,15,24,15
28,32,DSVDD,20,20,0.14654640764723972,26,47,40
28,32,AnoGAN,60,5,0.11904761904761904,3,7,2
28,64,IsF,33,9,0.2661616161616154,24,34,47
28,64,COV,53,14,0.0,1,14,0
28,64,SVM,46,21,0.0,1,21,0
28,64,OS1,47,8,0.22631578947368414,12,20,22
28,64,OS2,57,9,0.022222222222222223,2,10,1
28,64,CoADA,30,9,0.26078578578578454,29,37,42
28,64,DSVDD,29,16,0.14125177809388317,22,38,23
28,64,AnoGAN,48,18,0.005847953216374269,2,19,1
28,128,IsF,29,8,0.3407776197249864,31,38,58
28,128,COV,57,10,0.0,1,10,0
28,128,SVM,43,21,0.012681159420289856,3,24,3
28,128,OS1,33,8,0.2813428401663685,25,34,45
28,128,OS2,40,9,0.2176163342830012,18,27,24
28,128,CoADA,44,13,0.07971014492753625,8,23,11
28,128,DSVDD,34,26,0.03125,7,33,11
28,128,AnoGAN,39,7,0.3311287477954153,22,28,39
28,256,IsF,50,6,0.2634803921568627,11,17,17
28,256,COV,47,15,0.03684210526315789,4,20,5
28,256,SVM,37,20,0.042911877394636026,6,30,12
28,256,OS1,23,6,0.308147085472668,37,44,63
28,256,OS2,57,9,0.022222222222222223,2,10,1
28,256,CoADA,40,11,0.15384615384615374,13,27,24
28,256,DSVDD,50,14,0.025735294117647058,3,17,3
28,256,AnoGAN,44,6,0.3115942028985511,17,23,33
40,32,IsF,192,78,0.05354051730328901,197,391,734
40,32,COV,392,99,0.031205107008358865,48,191,197
40,32,SVM,438,145,0.0,1,145,0
40,32,OS1,210,75,0.037883925581753575,91,373,679
40,32,OS2,384,104,0.01425815948429013,21,199,127
40,32,CoADA,369,81,0.030293808541801373,48,214,230
40,32,DSVDD,426,84,0.011990309761010398,12,157,107
40,32,AnoGAN,272,79,0.0360599604500652,71,311,523
40,64,IsF,362,66,0.03472374031197554,49,221,346
40,64,COV,400,105,0.03411926351036447,49,183,177
40,64,SVM,438,145,0.0,1,145,0
40,64,OS1,240,77,0.038134789821403774,86,343,592
40,64,OS2,349,101,0.020164402174416615,43,234,202
40,64,CoADA,408,94,0.012177339901477815,18,175,104
40,64,DSVDD,279,109,0.031936457273546284,81,304,418
40,64,AnoGAN,451,68,0.014399722414989597,8,132,94
40,128,IsF,164,61,0.04754628955348457,145,419,828
40,128,COV,425,152,0.0007659437232927518,4,158,7
40,128,SVM,376,179,0.0028102184075168447,11,207,34
40,128,OS1,306,64,0.04167682969872577,81,277,495
40,128,OS2,290,65,0.04015718633395936,88,293,468
40,128,CoADA,309,75,0.03680131419964559,68,274,445
40,128,DSVDD,359,65,0.040842017860956,65,224,316
40,128,AnoGAN,288,69,0.029490372420154516,57,295,470
40,256,IsF,133,62,0.04417973107208356,138,450,868
40,256,COV,427,156,0.0,1,156,0
40,256,SVM,335,224,0.0014012232815288842,8,248,35
40,256,OS1,228,73,0.03898857598905244,87,355,642
40,256,OS2,339,83,0.02411191346376548,44,244,290
40,256,CoADA,317,104,0.021687056815443907,55,266,247
40,256,DSVDD,420,63,0.030671059607665162,33,163,167
40,256,AnoGAN,221,69,0.04565871216098143,126,362,683
45,32,IsF,30,3,0.0,1,3,0
45,32,COV,23,6,0.1111111111111111,3,10,5
45,32,SVM,27,6,0.0,1,6,0
45,32,OS1,23,4,0.2777777777777778,6,10,9
45,32,OS2,21,3,0.3232323232323232,7,12,16
45,32,CoADA,19,8,0.10989010989010989,4,14,10
45,32,DSVDD,22,5,0.19090909090909092,5,11,9
45,32,AnoGAN,30,3,0.0,1,3,0
45,64,IsF,19,4,0.3168498168498169,9,14,20
45,64,COV,15,5,0.33061002178649207,13,18,29
45,64,SVM,27,6,0.0,1,6,0
45,64,OS1,19,4,0.3186813186813187,9,14,20
45,64,OS2,22,5,0.2,5,11,9
45,64,CoADA,26,6,0.047619047619047616,2,7,1
45,64,DSVDD,21,8,0.09090909090909091,4,12,5
45,64,AnoGAN,16,3,0.32904411764705865,11,17,27
45,128,IsF,18,5,0.2,6,15,18
45,128,COV,12,8,0.11190476190476191,5,21,23
45,128,SVM,22,6,0.11818181818181818,3,11,6
45,128,OS1,24,5,0.19444444444444445,4,9,7
45,128,OS2,23,5,0.26666666666666666,6,10,9
45,128,CoADA,26,4,0.19047619047619047,3,7,4
45,128,DSVDD,14,5,0.2927875243664716,14,19,23
45,128,AnoGAN,26,4,0.2857142857142857,4,7,6
45,256,IsF,29,2,0.5,3,4,3
45,256,COV,24,5,0.1990740740740741,5,9,5
45,256,SVM,23,4,0.37777777777777777,7,10,13
45,256,OS1,8,4,0.2663888888888891,15,25,42
45,256,OS2,14,6,0.14083820662768037,6,19,20
45,256,CoADA,22,5,0.29696969696969694,7,11,12
45,256,DSVDD,16,9,0.06985294117647059,3,17,9
45,256,AnoGAN,11,4,0.2644300144300141,13,22,34
47,32,IsF,26,6,0.0,1,6,0
47,32,COV,19,6,0.1623931623931624,5,13,10
47,32,SVM,24,6,0.10714285714285714,3,8,3
47,32,OS1,24,5,0.19642857142857142,4,8,5
47,32,OS2,21,7,0.07272727272727272,2,11,4
47,32,CoADA,22,7,0.07777777777777778,3,10,3
47,32,DSVDD,13,9,0.15984405458089673,9,19,18
47,32,AnoGAN,20,5,0.16287878787878785,5,12,7
47,64,IsF,14,5,0.2657952069716775,10,18,28
47,64,COV,14,4,0.24825708061002175,8,18,26
47,64,SVM,23,6,0.1388888888888889,4,9,4
47,64,OS1,25,4,0.23809523809523808,4,7,4
47,64,OS2,23,4,0.2638888888888889,5,9,8
47,64,CoADA,12,6,0.23552631578947364,9,20,34
47,64,DSVDD,25,6,0.047619047619047616,2,7,1
47,64,AnoGAN,21,4,0.3757575757575758,8,11,14
47,128,IsF,12,5,0.2516666666666666,9,20,36
47,128,COV,18,7,0.14102564102564102,5,14,10
47,128,SVM,17,9,0.10952380952380952,5,15,10
47,128,OS1,15,5,0.2806372549019608,9,17,31
47,128,OS2,12,5,0.28157894736842093,11,20,39
47,128,CoADA,17,5,0.3142857142857143,9,15,28
47,128,DSVDD,18,7,0.16208791208791207,7,14,9
47,128,AnoGAN,14,6,0.2494553376906318,9,18,31
47,256,IsF,18,4,0.2783882783882784,7,14,20
47,256,COV,15,10,0.1170343137254902,7,17,11
47,256,SVM,23,7,0.06944444444444445,3,9,2
47,256,OS1,16,5,0.2652777777777778,8,16,26
47,256,OS2,16,5,0.34722222222222215,11,16,29
47,256,CoADA,18,6,0.21978021978021978,7,14,16
47,256,DSVDD,21,5,0.2,5,11,9
47,256,AnoGAN,13,6,0.25341130604288503,9,19,36
53,32,IsF,29,16,0.0,1,16,0
53,32,COV,24,15,0.05238095238095238,6,21,6
53,32,SVM,20,11,0.08638888888888889,6,25,17
53,32,OS1,27,18,0.0,1,18,0
53,32,OS2,28,9,0.08946078431372548,5,17,8
53,32,CoADA,18,22,0.02184235517568851,5,27,5
53,32,DSVDD,10,17,0.058515406162465006,8,35,23
53,32,AnoGAN,35,6,0.1,3,10,4
53,64,IsF,25,16,0.03684210526315789,5,20,4
53,64,COV,15,15,0.07394636015325672,9,30,20
53,64,SVM,40,4,0.1,2,5,1
53,64,OS1,24,16,0.047619047619047616,6,21,5
53,64,OS2,32,6,0.1741452991452991,7,13,8
53,64,CoADA,21,23,0.0036231884057971015,2,24,1
53,64,DSVDD,12,10,0.10880681818181813,12,33,34
53,64,AnoGAN,32,11,0.02564102564102564,2,13,2
53,128,IsF,22,13,0.06587615283267456,5,23,11
53,128,COV,35,8,0.05555555555555555,3,10,2
53,128,SVM,36,7,0.08333333333333333,3,9,3
53,128,OS1,22,19,0.021739130434782608,4,23,4
53,128,OS2,35,8,0.044444444444444446,2,10,2
53,128,CoADA,23,22,0.0,1,22,0
53,128,DSVDD,25,12,0.08903508771929823,8,20,9
53,128,AnoGAN,24,21,0.0,1,21,0
53,256,IsF,22,16,0.041501976284584984,4,23,8
53,256,COV,30,12,0.03333333333333333,3,15,3
53,256,SVM,31,6,0.14285714285714285,4,14,11
53,256,OS1,25,20,0.0,1,20,0
53,256,OS2,24,21,0.0,1,21,0
53,256,CoADA,20,22,0.013333333333333334,3,25,4
53,256,DSVDD,15,19,0.0367816091954023,5,30,13
53,256,AnoGAN,24,21,0.0,1,21,0
63,32,IsF,25,5,0.21428571428571427,4,8,6
63,32,COV,18,7,0.16666666666666666,8,15,10
63,32,SVM,19,7,0.13919413919413917,5,14,10
63,32,OS1,28,4,0.1,2,5,1
63,32,OS2,12,6,0.21158730158730157,13,21,22
63,32,CoADA,26,5,0.11904761904761904,3,7,2
63,32,DSVDD,17,7,0.2079166666666668,10,16,12
63,32,AnoGAN,23,5,0.16296296296296298,4,10,6
63,64,IsF,29,3,0.16666666666666666,2,4,1
63,64,COV,18,8,0.1126984126984127,5,15,8
63,64,SVM,19,12,0.027472527472527472,3,14,2
63,64,OS1,28,3,0.25,3,5,2
63,64,OS2,21,6,0.1275252525252525,5,12,6
63,64,CoADA,20,8,0.15384615384615385,6,13,9
63,64,DSVDD,18,10,0.08412698412698412,5,15,7
63,64,AnoGAN,8,4,0.3110555555555552,22,25,30
63,128,IsF,26,5,0.14285714285714285,3,7,3
63,128,COV,26,5,0.11904761904761904,3,7,2
63,128,SVM,18,12,0.03333333333333333,3,15,3
63,128,OS1,25,4,0.2857142857142857,5,8,6
63,128,OS2,20,7,0.1858974358974359,6,13,13
63,128,CoADA,21,8,0.07575757575757576,3,12,5
63,128,DSVDD,21,9,0.05303030303030303,3,12,3
63,128,AnoGAN,17,6,0.21250000000000002,9,16,16
63,256,IsF,24,4,0.3055555555555556,6,9,8
63,256,COV,19,10,0.054945054945054944,3,14,4
63,256,SVM,27,6,0.0,1,6,0
63,256,OS1,21,6,0.18181818181818182,6,12,9
63,256,OS2,13,8,0.17543859649122803,10,20,21
63,256,CoADA,23,7,0.08888888888888889,3,10,4
63,256,DSVDD,25,7,0.03571428571428571,2,8,1
63,256,AnoGAN,16,6,0.18259803921568632,8,17,15
73,32,IsF,39,8,0.2459221466364322,29,36,44
73,32,COV,44,17,0.0695340501792115,10,31,15
73,32,SVM,53,15,0.05627705627705626,7,22,7
73,32,OS1,34,9,0.23760743321718858,31,41,57
73,32,OS2,66,7,0.05555555555555555,2,9,2
73,32,CoADA,37,16,0.14279279279279303,20,38,38
73,32,DSVDD,37,19,0.050972024656235175,9,38,20
73,32,AnoGAN,30,9,0.2509235209235199,36,45,67
73,64,IsF,35,10,0.2236324786324779,27,40,55
73,64,COV,27,31,0.025561465721040188,7,48,21
73,64,SVM,45,26,0.009195402298850575,2,30,4
73,64,OS1,48,10,0.16761633428300082,14,27,30
73,64,OS2,52,8,0.1949934123847166,13,23,27
73,64,CoADA,40,11,0.16484593837535044,19,35,39
73,64,DSVDD,36,22,0.07231219073324333,13,39,29
73,64,AnoGAN,49,10,0.17794871794871783,14,26,29
73,128,IsF,42,7,0.23685966810966802,25,33,38
73,128,COV,47,18,0.03835978835978836,5,28,10
73,128,SVM,38,30,0.015765765765765764,4,37,8
73,128,OS1,23,7,0.25804783451842395,44,52,83
73,128,OS2,60,10,0.06190476190476191,3,15,6
73,128,CoADA,29,9,0.15800552104899884,20,46,60
73,128,DSVDD,61,13,0.01098901098901099,2,14,1
73,128,AnoGAN,26,7,0.26659782960803413,42,49,80
73,256,IsF,35,7,0.2736137011137005,34,40,63
73,256,COV,43,19,0.051243279569892504,9,32,16
73,256,SVM,42,30,0.005681818181818182,2,33,3
73,256,OS1,41,7,0.2813131313131305,28,34,57
73,256,OS2,67,7,0.03571428571428571,2,8,1
73,256,CoADA,49,15,0.07846153846153849,9,26,13
73,256,DSVDD,50,16,0.03666666666666667,3,25,10
73,256,AnoGAN,39,8,0.2485260770975051,27,36,58
81,32,IsF,15,17,0.0,1,17,0
81,32,COV,12,8,0.1298245614035088,8,20,14
81,32,SVM,26,6,0.0,1,6,0
81,32,OS1,15,17,0.0,1,17,0
81,32,OS2,17,15,0.0,1,15,0
81,32,CoADA,16,16,0.0,1,16,0
81,32,DSVDD,14,11,0.0980392156862745,7,18,9
81,32,AnoGAN,13,9,0.11988304093567251,7,19,10
81,64,IsF,16,16,0.0,1,16,0
81,64,COV,12,14,0.06140350877192982,6,20,8
81,64,SVM,15,11,0.058823529411764705,3,17,7
81,64,OS1,15,17,0.0,1,17,0
81,64,OS2,15,16,0.007352941176470588,2,17,1
81,64,CoADA,15,17,0.0,1,17,0
81,64,DSVDD,11,8,0.11587301587301586,6,21,17
81,64,AnoGAN,15,17,0.0,1,17,0
81,128,IsF,16,16,0.0,1,16,0
81,128,COV,14,10,0.08932461873638345,5,18,8
81,128,SVM,15,15,0.01838235294117647,3,17,2
81,128,OS1,16,16,0.0,1,16,0
81,128,OS2,17,11,0.0634920634920635,5,15,4
81,128,CoADA,11,20,0.004761904761904762,2,21,1
81,128,DSVDD,24,6,0.08928571428571429,3,8,2
81,128,AnoGAN,15,17,0.0,1,17,0
81,256,IsF,20,12,0.0,1,12,0
81,256,COV,19,11,0.02564102564102564,2,13,2
81,256,SVM,14,14,0.03594771241830065,4,18,4
81,256,OS1,15,17,0.0,1,17,0
81,256,OS2,15,17,0.0,1,17,0
81,256,CoADA,16,16,0.0,1,16,0
81,256,DSVDD,20,6,0.21969696969696967,7,12,9
81,256,AnoGAN,19,3,0.3547008547008549,10,13,12
87,32,IsF,52,17,0.04901960784313726,7,35,19
87,32,COV,55,26,0.01310483870967742,3,32,6
87,32,SVM,48,27,0.020917678812415654,5,39,12
87,32,OS1,50,19,0.05676033176033177,12,37,20
87,32,OS2,63,17,0.03260869565217391,3,24,8
87,32,CoADA,52,23,0.0338935574229692,7,35,13
87,32,DSVDD,35,26,0.05015442074265602,17,52,31
87,32,AnoGAN,60,27,0.0,1,27,0
87,64,IsF,44,16,0.08695621777017128,20,43,31
87,64,COV,49,29,0.016358463726884778,4,38,9
87,64,SVM,47,26,0.022435897435897436,4,40,15
87,64,OS1,41,18,0.07788861701905181,20,46,32
87,64,OS2,50,14,0.08820248820248824,15,37,28
87,64,CoADA,40,16,0.11459517201885346,26,47,36
87,64,DSVDD,39,21,0.09746707193515668,25,48,30
87,64,AnoGAN,43,16,0.10206302682518312,23,44,33
87,128,IsF,53,15,0.06271538918597742,11,34,20
87,128,COV,51,22,0.03587301587301589,8,36,15
87,128,SVM,63,19,0.019927536231884056,3,24,5
87,128,OS1,54,15,0.07436868686868692,13,33,20
87,128,OS2,69,13,0.0392156862745098,3,18,5
87,128,CoADA,42,16,0.10732563732563717,23,45,35
87,128,DSVDD,50,27,0.02127127127127127,5,37,10
87,128,AnoGAN,48,19,0.07121328963434229,15,39,24
87,256,IsF,66,15,0.03333333333333333,3,21,6
87,256,COV,57,23,0.01954022988505747,3,30,8
87,256,SVM,45,16,0.1081651088619729,22,42,34
87,256,OS1,66,15,0.03333333333333333,3,21,6
87,256,OS2,65,18,0.025974025974025976,4,22,5
87,256,CoADA,48,17,0.09711779448621542,20,39,24
87,256,DSVDD,54,23,0.02919823232323232,6,33,10
87,256,AnoGAN,40,16,0.10958437954275116,25,47,37
88,32,IsF,127,39,0.06317992458797109,45,145,132
88,32,COV,187,77,0.0028011204481792717,4,85,8
88,32,SVM,133,134,0.0005734542800542175,3,139,5
88,32,OS1,144,49,0.04732592019747557,34,128,92
88,32,OS2,88,99,0.008954027084818239,11,184,89
88,32,CoADA,170,54,0.02964149356112078,25,102,52
88,32,DSVDD,169,68,0.010105336633035087,8,103,36
88,32,AnoGAN,103,45,0.062289148072116524,69,169,148
88,64,IsF,199,34,0.034840001449590506,14,73,44
88,64,COV,180,90,0.00047778308647873863,2,92,2
88,64,SVM,192,70,0.0037974683544303796,4,80,10
88,64,OS1,99,45,0.06655987214530154,64,173,154
88,64,OS2,199,45,0.014649923896499236,6,73,29
88,64,CoADA,102,45,0.06686376720313507,64,170,151
88,64,DSVDD,191,52,0.013374485596707817,7,81,31
88,64,AnoGAN,174,67,0.014674942141805166,13,98,34
88,128,IsF,132,49,0.04439252679489101,36,140,107
88,128,COV,147,105,0.005204301075268817,10,125,20
88,128,SVM,184,68,0.01342302333681643,14,88,22
88,128,OS1,130,53,0.048654813038990934,43,142,105
88,128,OS2,180,59,0.019485586876891236,14,92,37
88,128,CoADA,210,36,0.023215230037017455,10,62,27
88,128,DSVDD,164,68,0.012273566401292254,11,108,44
88,128,AnoGAN,160,49,0.029077610774039322,26,112,68
88,256,IsF,176,36,0.03920695836814252,22,96,65
88,256,COV,142,112,0.003398926654740608,6,130,18
88,256,SVM,186,49,0.040216272555533804,27,86,42
88,256,OS1,162,42,0.04472113004223086,32,110,79
88,256,OS2,180,50,0.025071667462971844,17,92,47
88,256,CoADA,202,56,0.007798481711525188,6,70,14
88,256,DSVDD,172,51,0.021258617925284617,17,100,51
88,256,AnoGAN,156,47,0.03782162490183467,30,116,80
109,32,IsF,42,5,0.3755935422602095,21,27,63
109,32,COV,42,12,0.17212725546058857,15,27,28
109,32,SVM,42,20,0.027065527065527065,4,27,8
109,32,OS1,17,7,0.25901206636500884,36,52,124
109,32,OS2,36,6,0.3525252525252517,27,33,74
109,32,CoADA,24,7,0.27198653198653117,32,45,103
109,32,DSVDD,41,13,0.167768959435626,15,28,28
109,32,AnoGAN,19,7,0.2582448979591837,35,50,113
109,64,IsF,11,7,0.23739665255091927,37,58,126
109,64,COV,32,13,0.157832832832833,21,37,39
109,64,SVM,29,7,0.3274786324786315,31,40,98
109,64,OS1,28,7,0.2540853658536578,27,41,84
109,64,OS2,21,8,0.23878546099290707,32,48,98
109,64,CoADA,31,11,0.25213371266002826,25,38,77
109,64,DSVDD,57,10,0.030303030303030304,2,12,2
109,64,AnoGAN,20,8,0.22988945578231226,32,49,99
109,128,IsF,44,7,0.28755555555555573,18,25,40
109,128,COV,31,11,0.16711711711711727,22,38,45
109,128,SVM,55,10,0.04395604395604396,2,14,4
109,128,OS1,20,9,0.21740362811791272,31,49,94
109,128,OS2,37,9,0.2772177419354843,22,32,61
109,128,CoADA,22,10,0.19315448658649312,29,47,77
109,128,DSVDD,42,15,0.05128205128205128,6,27,12
109,128,AnoGAN,40,9,0.25989326765188864,20,29,47
109,256,IsF,13,7,0.2542640692640715,40,56,125
109,256,COV,41,9,0.1763668430335096,14,28,37
109,256,SVM,42,14,0.08808167141500481,10,27,16
109,256,OS1,28,8,0.2803252032520314,30,41,85
109,256,OS2,37,9,0.3001008064516129,24,32,62
109,256,CoADA,32,8,0.25360360360360346,25,37,71
109,256,DSVDD,42,11,0.11063627730294395,11,27,20
109,256,AnoGAN,26,9,0.25415282392026456,30,43,87
118,32,IsF,29,10,0.07063492063492063,5,15,5
118,32,COV,22,13,0.07792207792207793,7,22,12
118,32,SVM,35,6,0.09722222222222222,3,9,3
118,32,OS1,29,10,0.06666666666666667,4,15,6
118,32,OS2,29,10,0.05714285714285714,3,15,5
118,32,CoADA,29,12,0.03333333333333333,3,15,3
118,32,DSVDD,26,9,0.0784313725490196,4,18,10
118,32,AnoGAN,29,14,0.009523809523809525,2,15,1
118,64,IsF,31,9,0.07692307692307693,4,13,5
118,64,COV,17,11,0.08461538461538462,6,27,25
118,64,SVM,30,10,0.06593406593406594,4,14,5
118,64,OS1,33,7,0.09090909090909091,3,11,5
118,64,OS2,28,7,0.1361111111111111,5,16,12
118,64,CoADA,31,9,0.05128205128205128,2,13,4
118,64,DSVDD,16,8,0.14016754850088178,11,28,28
118,64,AnoGAN,29,12,0.03333333333333333,3,15,3
118,128,IsF,29,7,0.11428571428571428,4,15,10
118,128,COV,24,11,0.0675438596491228,5,20,10
118,128,SVM,22,9,0.08658008658008659,5,22,15
118,128,OS1,27,6,0.12867647058823528,5,17,15
118,128,OS2,33,9,0.03636363636363636,2,11,2
118,128,CoADA,28,8,0.11666666666666667,5,16,12
118,128,DSVDD,32,10,0.030303030303030304,2,12,2
118,128,AnoGAN,32,6,0.13636363636363635,4,12,8
118,256,IsF,22,9,0.09971139971139974,8,22,14
118,256,COV,31,9,0.057692307692307696,3,13,4
118,256,SVM,25,10,0.08771929824561403,5,19,13
118,256,OS1,28,8,0.08888888888888886,5,16,8
118,256,OS2,22,8,0.10317460317460317,5,22,20
118,256,CoADA,28,6,0.1381944444444444,5,16,12
118,256,DSVDD,11,9,0.10422979797979794,11,33,36
118,256,AnoGAN,29,6,0.15,7,15,9
124,32,IsF,22,5,0.26225490196078427,12,17,13
124,32,COV,26,8,0.07051282051282051,3,13,5
124,32,SVM,30,7,0.06944444444444445,3,9,2
124,32,OS1,34,4,0.1,2,5,1
124,32,OS2,28,6,0.18484848484848485,6,11,6
124,32,CoADA,26,11,0.02564102564102564,2,13,2
124,32,DSVDD,23,6,0.2569444444444447,11,16,12
124,32,AnoGAN,34,3,0.25,3,5,2
124,64,IsF,29,4,0.23333333333333334,6,10,6
124,64,COV,16,6,0.243083003952569,15,23,25
124,64,SVM,10,8,0.26161740558292323,21,29,42
124,64,OS1,23,6,0.1680555555555556,8,16,10
124,64,OS2,30,9,0.0,1,9,0
124,64,CoADA,20,10,0.13157894736842105,8,19,14
124,64,DSVDD,30,8,0.027777777777777776,2,9,1
124,64,AnoGAN,32,7,0.0,1,7,0
124,128,IsF,34,5,0.0,1,5,0
124,128,COV,19,13,0.049561403508771924,5,20,7
124,128,SVM,20,7,0.1843079922027292,11,19,15
124,128,OS1,33,6,0.0,1,6,0
124,128,OS2,22,7,0.15931372549019612,8,17,13
124,128,CoADA,32,7,0.0,1,7,0
124,128,DSVDD,34,5,0.0,1,5,0
124,128,AnoGAN,24,9,0.0746031746031746,4,15,6
124,256,IsF,24,3,0.43809523809523787,13,15,20
124,256,COV,20,7,0.18372319688109176,11,19,16
124,256,SVM,29,10,0.0,1,10,0
124,256,OS1,14,4,0.4458333333333341,22,25,49
124,256,OS2,27,8,0.10101010101010101,5,12,4
124,256,CoADA,24,5,0.32222222222222224,11,15,14
124,256,DSVDD,26,12,0.01282051282051282,2,13,1
124,256,AnoGAN,18,5,0.3587301587301586,16,21,33
128,32,IsF,46,15,0.12887596899224832,19,44,69
128,32,COV,60,22,0.03103448275862069,5,30,11
128,32,SVM,49,29,0.02154471544715447,5,41,15
128,32,OS1,43,7,0.2613761508303593,39,47,98
128,32,OS2,74,9,0.08333333333333333,3,16,10
128,32,CoADA,55,14,0.11638655462184871,11,35,50
128,32,DSVDD,45,31,0.03939393939393939,9,45,33
128,32,AnoGAN,37,7,0.25713680973114844,44,53,118
128,64,IsF,58,11,0.13407258064516117,13,32,44
128,64,COV,44,19,0.08132045088566828,14,46,46
128,64,SVM,39,32,0.04352941176470588,9,51,48
128,64,OS1,56,10,0.1512180629827689,15,34,55
128,64,OS2,65,13,0.09444444444444444,6,25,26
128,64,CoADA,58,14,0.07930107526881719,7,32,36
128,64,DSVDD,32,22,0.07683000604960684,16,58,81
128,64,AnoGAN,58,9,0.1690188172043012,15,32,54
128,128,IsF,33,15,0.1581140350877181,32,57,94
128,128,COV,49,21,0.05386178861788617,8,41,34
128,128,SVM,56,15,0.07932263814616752,8,34,34
128,128,OS1,44,13,0.14847020933977442,23,46,78
128,128,OS2,52,12,0.12565196775723095,13,38,64
128,128,CoADA,53,15,0.08333333333333334,9,37,35
128,128,DSVDD,21,19,0.08752486501847093,17,69,112
128,128,AnoGAN,49,11,0.1644308943089432,21,41,73
128,256,IsF,46,11,0.17107117688513002,23,44,81
128,256,COV,69,14,0.05238095238095238,4,21,11
128,256,SVM,30,15,0.1575329566854991,34,60,117
128,256,OS1,41,13,0.14767573696145103,23,49,89
128,256,OS2,54,11,0.14100529100529113,16,36,54
128,256,CoADA,43,12,0.1601911810052419,23,47,96
128,256,DSVDD,55,15,0.0857142857142857,10,35,41
128,256,AnoGAN,45,12,0.15925925925925905,22,45,84
134,32,IsF,19,6,0.38571428571428573,10,15,36
134,32,COV,20,7,0.2032967032967033,7,14,15
134,32,SVM,16,7,0.18627450980392157,8,18,24
134,32,OS1,10,6,0.35567632850241554,15,24,82
134,32,OS2,14,7,0.35,13,20,54
134,32,CoADA,14,5,0.4342105263157895,14,20,71
134,32,DSVDD,30,4,0.0,1,4,0
134,32,AnoGAN,15,5,0.3499025341130604,12,19,48
134,64,IsF,4,4,0.4013026819923357,24,30,113
134,64,COV,15,3,0.398830409356725,16,19,39
134,64,SVM,18,4,0.44166666666666665,12,16,40
134,64,OS1,2,3,0.4441196236559118,30,32,116
134,64,OS2,20,5,0.3241758241758242,9,14,22
134,64,CoADA,13,3,0.5289682539682546,19,21,72
134,64,DSVDD,25,8,0.027777777777777776,2,9,1
134,64,AnoGAN,28,3,0.4,4,6,6
134,128,IsF,23,3,0.6181818181818182,9,11,32
134,128,COV,23,5,0.2636363636363636,6,11,13
134,128,SVM,25,6,0.09722222222222222,3,9,3
134,128,OS1,26,2,0.6964285714285714,7,8,18
134,128,OS2,19,3,0.47523809523809496,13,15,33
134,128,CoADA,23,2,0.7090909090909091,10,11,33
134,128,DSVDD,12,7,0.2352092352092352,11,22,45
134,128,AnoGAN,25,2,0.7222222222222222,8,9,24
134,256,IsF,22,3,0.6287878787878788,10,12,38
134,256,COV,28,6,0.0,1,6,0
134,256,SVM,24,8,0.05555555555555555,3,10,2
134,256,OS1,26,3,0.5357142857142857,6,8,15
134,256,OS2,14,5,0.43771929824561445,16,20,57
134,256,CoADA,5,5,0.3387931034482752,21,29,95
134,256,DSVDD,16,7,0.2167755991285403,8,18,29
134,256,AnoGAN,26,3,0.5357142857142857,6,8,15
139,32,IsF,47,4,0.0,1,4,0
139,32,COV,36,14,0.009523809523809525,2,15,1
139,32,SVM,42,8,0.027777777777777776,2,9,1
139,32,OS1,48,3,0.0,1,3,0
139,32,OS2,31,12,0.08771929824561402,8,20,8
139,32,CoADA,38,10,0.05555555555555555,4,13,3
139,32,DSVDD,43,8,0.0,1,8,0
139,32,AnoGAN,48,3,0.0,1,3,0
139,64,IsF,30,5,0.37658730158730186,17,21,31
139,64,COV,34,8,0.10294117647058823,4,17,13
139,64,SVM,32,13,0.049707602339181284,4,19,7
139,64,OS1,43,4,0.19642857142857142,4,8,4
139,64,OS2,22,5,0.39737274220032787,23,29,75
139,64,CoADA,32,8,0.17914230019493182,12,19,12
139,64,DSVDD,47,3,0.16666666666666666,2,4,1
139,64,AnoGAN,30,5,0.35253968253968254,17,21,26
139,128,IsF,42,9,0.0,1,9,0
139,128,COV,29,12,0.15079365079365079,11,22,18
139,128,SVM,40,9,0.05454545454545454,3,11,3
139,128,OS1,45,5,0.06666666666666667,2,6,1
139,128,OS2,47,3,0.16666666666666666,2,4,1
139,128,CoADA,12,3,0.46965811965812065,37,39,103
139,128,DSVDD,44,6,0.047619047619047616,2,7,1
139,128,AnoGAN,46,4,0.1,2,5,1
139,256,IsF,41,5,0.2222222222222222,6,10,5
139,256,COV,24,14,0.14197530864197525,13,27,25
139,256,SVM,36,3,0.2931746031746034,11,15,14
139,256,OS1,27,5,0.38460144927536244,20,24,40
139,256,OS2,43,4,0.2857142857142857,5,8,6
139,256,CoADA,28,5,0.29314888010540163,17,23,22
139,256,DSVDD,36,8,0.11746031746031745,5,15,9
139,256,AnoGAN,23,5,0.3874779541446209,24,28,49
154,32,IsF,47,7,0.3157894736842105,12,20,52
154,32,COV,28,21,0.09581646423751689,14,39,48
154,32,SVM,47,19,0.005263157894736842,2,20,1
154,32,OS1,43,8,0.23369565217391305,12,24,56
154,32,OS2,59,8,0.0,1,8,0
154,32,CoADA,37,10,0.1484674329501915,13,30,38
154,32,DSVDD,43,18,0.036231884057971016,5,24,8
154,32,AnoGAN,49,5,0.3605664488017427,13,18,42
154,64,IsF,39,8,0.18602292768959436,11,28,59
154,64,COV,10,17,0.13180868838763518,20,57,111
154,64,SVM,50,16,0.007352941176470588,2,17,1
154,64,OS1,40,9,0.17041785375118707,10,27,49
154,64,OS2,46,9,0.20952380952380953,10,21,40
154,64,CoADA,47,10,0.0868421052631579,5,20,14
154,64,DSVDD,50,11,0.07720588235294118,5,17,9
154,64,AnoGAN,45,9,0.17532467532467533,9,22,36
154,128,IsF,32,7,0.21515406162465026,19,35,78
154,128,COV,51,12,0.041666666666666664,3,16,5
154,128,SVM,32,21,0.05042016806722689,6,35,27
154,128,OS1,46,6,0.2865079365079364,13,21,44
154,128,OS2,49,6,0.2723311546840957,11,18,29
154,128,CoADA,54,9,0.057692307692307696,3,13,4
154,128,DSVDD,47,9,0.09210526315789473,6,20,13
154,128,AnoGAN,44,7,0.2417654808959156,13,23,45
154,256,IsF,38,9,0.25008210180624013,18,29,65
154,256,COV,35,17,0.09307795698924727,11,32,31
154,256,SVM,47,14,0.034210526315789476,3,20,6
154,256,OS1,32,8,0.203697478991597,19,35,77
154,256,OS2,38,7,0.3307060755336617,21,29,78
154,256,CoADA,53,8,0.07692307692307693,3,14,6
154,256,DSVDD,49,9,0.08387799564270151,4,18,10
154,256,AnoGAN,40,7,0.280959164292498,18,27,59
159,32,IsF,48,13,0.16417729204614384,39,61,105
159,32,COV,51,16,0.13773226168870398,28,58,81
159,32,SVM,63,16,0.1787324591672412,30,46,56
159,32,OS1,44,14,0.1501619734432231,40,65,109
159,32,OS2,56,15,0.17327735157923865,35,53,91
159,32,CoADA,44,16,0.21022836538461764,45,65,143
159,32,DSVDD,70,18,0.09806567701304549,13,39,42
159,32,AnoGAN,59,14,0.13338775510204057,22,50,82
159,64,IsF,38,13,0.1993400083037906,55,71,127
159,64,COV,84,18,0.049444444444444444,7,25,9
159,64,SVM,69,28,0.03141025641025641,7,40,12
159,64,OS1,37,14,0.20957938991976782,53,72,151
159,64,OS2,63,16,0.10449275362318855,16,46,56
159,64,CoADA,49,15,0.1940112994350295,40,60,119
159,64,DSVDD,52,17,0.1105472013366747,20,57,74
159,64,AnoGAN,36,14,0.20851392814863412,54,73,152
159,128,IsF,54,15,0.17524931858265208,38,55,89
159,128,COV,58,22,0.06464270152505446,21,51,30
159,128,SVM,81,28,0.0,1,28,0
159,128,OS1,41,14,0.18844746853965447,51,68,123
159,128,OS2,58,15,0.13856209150326768,21,51,91
159,128,CoADA,75,12,0.20662507427213345,21,34,55
159,128,DSVDD,54,17,0.16056036556036518,36,55,68
159,128,AnoGAN,43,14,0.19483793983793976,50,66,121
159,256,IsF,33,14,0.2234903926482906,59,76,157
159,256,COV,68,19,0.09558943089430899,16,41,36
159,256,SVM,65,31,0.022727272727272728,7,44,14
159,256,OS1,49,13,0.16491659940812467,40,60,97
159,256,OS2,56,13,0.16670986246457872,29,53,93
159,256,CoADA,57,20,0.1357591754650574,27,52,65
159,256,DSVDD,76,14,0.0943181818181818,13,33,25
159,256,AnoGAN,53,15,0.1595153061224489,36,56,86
170,32,IsF,24,20,0.0896812386156646,22,61,51
170,32,COV,34,43,0.009411764705882352,5,51,9
170,32,SVM,66,17,0.014619883040935672,3,19,2
170,32,OS1,49,18,0.07142857142857142,10,36,22
170,32,OS2,23,23,0.07828309536400482,19,62,51
170,32,CoADA,40,30,0.027104377104377107,7,45,17
170,32,DSVDD,34,29,0.050718954248365984,14,51,25
170,32,AnoGAN,39,20,0.06773176903611684,12,46,28
170,64,IsF,27,29,0.04767666292167201,15,58,37
170,64,COV,47,34,0.006401137980085348,3,38,4
170,64,SVM,49,24,0.030952380952380953,5,36,14
170,64,OS1,42,20,0.06242155777039498,10,43,31
170,64,OS2,41,20,0.05595489781536291,10,44,29
170,64,CoADA,43,20,0.06291134339914822,10,42,27
170,64,DSVDD,44,33,0.016260162601626015,5,41,10
170,64,AnoGAN,30,19,0.07736251402918083,15,55,44
170,128,IsF,64,18,0.014285714285714285,2,21,3
170,128,COV,62,22,0.003952569169960474,2,23,1
170,128,SVM,47,18,0.060929350403034606,7,38,26
170,128,OS1,64,19,0.009523809523809525,2,21,2
170,128,OS2,58,16,0.057692307692307696,7,27,14
170,128,CoADA,36,17,0.07128684807256239,13,49,39
170,128,DSVDD,41,31,0.023608174770965468,6,44,15
170,128,AnoGAN,60,21,0.013333333333333334,2,25,4
170,256,IsF,29,18,0.08766929499072354,17,56,45
170,256,COV,25,27,0.07119787463007793,24,60,37
170,256,SVM,66,19,0.0,1,19,0
170,256,OS1,42,20,0.07061646363971945,12,43,31
170,256,OS2,16,12,0.10539824625502318,25,69,73
170,256,CoADA,58,18,0.04031339031339031,7,27,9
170,256,DSVDD,43,30,0.02409988385598142,6,42,14
170,256,AnoGAN,41,20,0.07269203664552501,12,44,32
177,32,IsF,140,34,0.04761434360978483,38,141,170
177,32,COV,196,64,0.010224089635854345,9,85,22
177,32,SVM,191,48,0.0352226383687058,22,90,72
177,32,OS1,129,35,0.0467646074347019,41,152,181
177,32,OS2,172,40,0.03143900781515453,20,109,100
177,32,CoADA,177,72,0.00963094349016679,8,104,38
177,32,DSVDD,191,65,0.009151061173533086,8,90,26
177,32,AnoGAN,204,41,0.022186147186147167,10,77,42
177,64,IsF,139,30,0.060808158478221214,59,142,170
177,64,COV,198,71,0.005779214418650212,6,83,14
177,64,SVM,163,49,0.026288604678435145,18,118,93
177,64,OS1,165,43,0.0296323266937959,16,116,112
177,64,OS2,222,36,0.020455873758036237,6,59,24
177,64,CoADA,173,43,0.026396100149994217,14,108,92
177,64,DSVDD,140,52,0.02474767211849269,19,141,124
177,64,AnoGAN,139,39,0.039159979578019755,37,142,140
177,128,IsF,141,31,0.049459167359989856,34,140,168
177,128,COV,195,86,0.0,1,86,0
177,128,SVM,145,116,0.0034077705156136543,8,136,23
177,128,OS1,113,33,0.04825278581159723,38,168,217
177,128,OS2,175,40,0.02524109014675053,10,106,91
177,128,CoADA,187,32,0.03967355187327724,21,94,79
177,128,DSVDD,189,51,0.016105271540054148,7,92,53
177,128,AnoGAN,156,42,0.03413118279569882,22,125,129
177,256,IsF,95,30,0.06699535441470854,85,186,238
177,256,COV,188,86,0.0029608851488234374,6,93,9
177,256,SVM,145,122,0.0021514161220043573,6,136,16
177,256,OS1,137,36,0.041564222814223055,28,144,174
177,256,OS2,190,46,0.020637246351532062,13,91,55
177,256,CoADA,168,47,0.027970922882427286,16,113,92
177,256,DSVDD,182,65,0.010245310245310243,8,99,40
177,256,AnoGAN,187,34,0.03691756272401427,17,94,86
180,32,IsF,33,1,0.0,1,1,0
180,32,COV,27,5,0.14285714285714285,3,7,3
180,32,SVM,23,7,0.1,3,11,5
180,32,OS1,33,1,0.0,1,1,0
180,32,OS2,31,2,0.3333333333333333,2,3,1
180,32,CoADA,29,2,0.5,4,5,4
180,32,DSVDD,26,6,0.07142857142857142,2,8,2
180,32,AnoGAN,32,2,0.0,1,2,0
180,64,IsF,30,2,0.4166666666666667,3,4,2
180,64,COV,30,3,0.16666666666666666,2,4,1
180,64,SVM,27,4,0.19047619047619047,3,7,4
180,64,OS1,30,2,0.4166666666666667,3,4,2
180,64,OS2,29,3,0.3,3,5,3
180,64,CoADA,18,5,0.2708333333333333,9,16,25
180,64,DSVDD,22,6,0.16666666666666666,5,12,10
180,64,AnoGAN,29,2,0.5,4,5,4
180,128,IsF,30,3,0.16666666666666666,2,4,1
180,128,COV,26,5,0.125,3,8,3
180,128,SVM,28,6,0.0,1,6,0
180,128,OS1,28,3,0.4,4,6,6
180,128,OS2,27,2,0.7142857142857143,6,7,15
180,128,CoADA,28,4,0.13333333333333333,2,6,2
180,128,DSVDD,28,4,0.13333333333333333,2,6,2
180,128,AnoGAN,30,3,0.16666666666666666,2,4,1
180,256,IsF,29,3,0.25,3,5,2
180,256,COV,17,5,0.3272058823529412,11,17,31
180,256,SVM,28,6,0.0,1,6,0
180,256,OS1,33,1,0.0,1,1,0
180,256,OS2,29,4,0.1,2,5,1
180,256,CoADA,27,4,0.16666666666666666,3,7,3
180,256,DSVDD,24,6,0.15555555555555556,4,10,7
180,256,AnoGAN,33,1,0.0,1,1,0
202,32,IsF,27,3,0.25,4,8,5
202,32,COV,17,10,0.08169934640522876,6,18,9
202,32,SVM,21,12,0.02197802197802198,2,14,2
202,32,OS1,21,4,0.31593406593406614,11,14,13
202,32,OS2,20,8,0.1650793650793651,8,15,8
202,32,CoADA,17,11,0.06209150326797386,4,18,7
202,32,DSVDD,14,9,0.09365079365079364,6,21,14
202,32,AnoGAN,31,3,0.16666666666666666,2,4,1
202,64,IsF,27,4,0.25,5,8,4
202,64,COV,22,7,0.11538461538461539,4,13,8
202,64,SVM,18,11,0.05514705882352941,4,17,6
202,64,OS1,27,4,0.26785714285714285,5,8,5
202,64,OS2,23,8,0.08080808080808081,4,12,4
202,64,CoADA,20,5,0.21111111111111117,8,15,12
202,64,DSVDD,22,11,0.03205128205128205,3,13,2
202,64,AnoGAN,24,6,0.14848484848484847,5,11,6
202,128,IsF,20,6,0.1603174603174603,6,15,10
202,128,COV,21,9,0.07142857142857142,4,14,5
202,128,SVM,20,12,0.04285714285714286,4,15,3
202,128,OS1,15,4,0.335614035087719,17,20,23
202,128,OS2,18,12,0.0545343137254902,5,17,5
202,128,CoADA,26,6,0.09722222222222222,3,9,3
202,128,DSVDD,24,9,0.05454545454545454,3,11,3
202,128,AnoGAN,16,5,0.3150097465886938,15,19,23
202,256,IsF,24,6,0.2,6,11,7
202,256,COV,26,6,0.12037037037037036,4,9,3
202,256,SVM,29,5,0.06666666666666667,2,6,1
202,256,OS1,24,5,0.25151515151515147,7,11,8
202,256,OS2,26,8,0.027777777777777776,2,9,1
202,256,CoADA,17,7,0.1672113289760349,9,18,13
202,256,DSVDD,24,7,0.12121212121212123,5,11,4
202,256,AnoGAN,11,5,0.294927536231884,20,24,26
220,32,IsF,27,9,0.18952380952380934,25,35,37
220,32,COV,47,13,0.01904761904761905,2,15,2
220,32,SVM,39,15,0.06192358366271408,7,23,10
220,32,OS1,33,9,0.18503108139807653,19,29,29
220,32,OS2,44,11,0.058823529411764705,4,18,8
220,32,CoADA,46,10,0.07083333333333333,4,16,7
220,32,DSVDD,44,11,0.06154684095860566,5,18,7
220,32,AnoGAN,33,8,0.18250547345374937,20,29,29
220,64,IsF,49,10,0.038461538461538464,2,13,3
220,64,COV,35,13,0.0633903133903134,6,27,17
220,64,SVM,33,11,0.12336969270466805,15,29,22
220,64,OS1,50,9,0.05303030303030303,3,12,3
220,64,OS2,32,9,0.16745484400656804,16,30,36
220,64,CoADA,46,8,0.13402777777777775,7,16,11
220,64,DSVDD,42,15,0.03333333333333333,4,20,5
220,64,AnoGAN,45,9,0.09669117647058821,7,17,8
220,128,IsF,37,9,0.11242460317460323,11,25,18
220,128,COV,35,12,0.09653371320037989,11,27,19
220,128,SVM,45,9,0.08700980392156862,5,17,9
220,128,OS1,36,9,0.11628571428571431,11,26,20
220,128,OS2,42,12,0.07368421052631578,6,20,10
220,128,CoADA,52,10,0.0,1,10,0
220,128,DSVDD,47,12,0.02857142857142857,2,15,3
220,128,AnoGAN,36,9,0.10923076923076926,10,26,20
220,256,IsF,47,12,0.0380952380952381,3,15,4
220,256,COV,32,17,0.054022988505747126,7,30,16
220,256,SVM,49,10,0.04487179487179487,3,13,3
220,256,OS1,51,9,0.03636363636363636,2,11,2
220,256,OS2,47,9,0.06984126984126984,4,15,6
220,256,CoADA,46,11,0.04583333333333333,3,16,5
220,256,DSVDD,40,13,0.054978354978354974,6,22,9
220,256,AnoGAN,50,9,0.06060606060606061,3,12,4
229,32,IsF,88,15,0.07455197132616487,8,31,23
229,32,COV,88,24,0.01935483870967742,3,31,8
229,32,SVM,93,17,0.04153846153846154,4,26,12
229,32,OS1,94,12,0.08472222222222224,7,25,17
229,32,OS2,94,13,0.0916666666666667,8,25,16
229,32,CoADA,94,14,0.06833333333333333,5,25,17
229,32,DSVDD,100,17,0.011695906432748537,2,19,2
229,32,AnoGAN,86,17,0.06919191919191922,10,33,26
229,64,IsF,55,13,0.19651305071692018,52,64,88
229,64,COV,73,29,0.03648953301127215,11,46,20
229,64,SVM,67,46,0.00904977375565611,5,52,12
229,64,OS1,62,14,0.1907126447070054,44,57,78
229,64,OS2,94,13,0.07055555555555555,5,25,17
229,64,CoADA,74,21,0.04599326599326597,7,45,31
229,64,DSVDD,78,36,0.00853658536585366,3,41,7
229,64,AnoGAN,62,14,0.1641976966225086,38,57,78
229,128,IsF,62,11,0.2087423419660263,47,57,74
229,128,COV,66,23,0.06966618287373003,21,53,36
229,128,SVM,86,16,0.0934343434343434,11,33,33
229,128,OS1,51,13,0.20269625263040583,56,68,95
229,128,OS2,58,12,0.20961965478358957,50,61,84
229,128,CoADA,87,16,0.04872311827956991,7,32,18
229,128,DSVDD,76,17,0.06925064599483202,14,43,33
229,128,AnoGAN,95,13,0.0656400966183575,7,24,12
229,256,IsF,68,15,0.1227478991596637,25,51,60
229,256,COV,73,30,0.03236714975845412,10,46,17
229,256,SVM,100,13,0.05555555555555555,4,19,9
229,256,OS1,68,15,0.12290196078431365,25,51,58
229,256,OS2,98,13,0.047619047619047616,3,21,10
229,256,CoADA,74,20,0.07164983164983162,14,45,35
229,256,DSVDD,81,19,0.04788999525841632,7,38,23
229,256,AnoGAN,82,15,0.08821321321321315,11,37,35
233,32,IsF,16,5,0.34487179487179254,35,40,68
233,32,COV,20,19,0.08637566137566133,12,36,38
233,32,SVM,44,11,0.015151515151515152,2,12,1
233,32,OS1,19,6,0.3349599599599573,31,37,66
233,32,OS2,38,10,0.10784313725490197,6,18,14
233,32,CoADA,26,7,0.31762452107279737,23,30,56
233,32,DSVDD,22,20,0.04634581105169341,6,34,22
233,32,AnoGAN,24,6,0.3287970430107521,26,32,54
233,64,IsF,51,4,0.1,2,5,1
233,64,COV,29,9,0.12592592592592589,12,27,22
233,64,SVM,26,19,0.05057471264367816,7,30,16
233,64,OS1,34,5,0.37842712842712894,18,22,40
233,64,OS2,35,10,0.10476190476190476,5,21,20
233,64,CoADA,24,9,0.24512768817204372,21,32,54
233,64,DSVDD,29,15,0.045584045584045586,4,27,15
233,64,AnoGAN,22,6,0.3377896613190715,28,34,64
233,128,IsF,26,7,0.3209195402298858,24,30,48
233,128,COV,29,12,0.06837606837606838,5,27,19
233,128,SVM,31,21,0.018333333333333333,4,25,4
233,128,OS1,26,6,0.3503065134099613,25,30,54
233,128,OS2,23,7,0.3296717171717162,27,33,62
233,128,CoADA,21,9,0.24061624649859947,25,35,50
233,128,DSVDD,23,17,0.04450757575757577,5,33,18
233,128,AnoGAN,30,5,0.37723076923077054,22,26,51
233,256,IsF,25,8,0.2777777777777788,23,31,48
233,256,COV,35,17,0.02619047619047619,3,21,5
233,256,SVM,44,10,0.030303030303030304,2,12,2
233,256,OS1,28,8,0.3068783068783079,21,28,53
233,256,OS2,28,8,0.2600088183421522,19,28,49
233,256,CoADA,26,10,0.23892720306513457,21,30,41
233,256,DSVDD,43,8,0.14743589743589744,6,13,8
233,256,AnoGAN,29,8,0.3034188034188043,20,27,49
292,32,IsF,16,8,0.17083333333333334,7,16,18
292,32,COV,23,7,0.05555555555555555,2,9,2
292,32,SVM,9,6,0.24407114624505907,15,23,32
292,32,OS1,15,8,0.20710784313725497,9,17,21
292,32,OS2,24,8,0.0,1,8,0
292,32,CoADA,21,10,0.01818181818181818,2,11,1
292,32,DSVDD,20,5,0.19696969696969696,5,12,13
292,32,AnoGAN,17,7,0.18571428571428572,7,15,16
292,64,IsF,12,6,0.2684210526315787,14,20,27
292,64,COV,19,6,0.2329059829059829,8,13,11
292,64,SVM,24,5,0.17857142857142858,4,8,4
292,64,OS1,9,6,0.2741765480895912,17,23,32
292,64,OS2,10,6,0.23665223665223636,13,22,31
292,64,CoADA,24,6,0.07142857142857142,2,8,2
292,64,DSVDD,23,5,0.1851851851851852,5,9,4
292,64,AnoGAN,21,4,0.2727272727272727,6,11,13
292,128,IsF,18,5,0.2967032967032969,10,14,16
292,128,COV,13,10,0.10526315789473684,5,19,17
292,128,SVM,17,9,0.10476190476190476,6,15,7
292,128,OS1,20,7,0.12121212121212122,4,12,8
292,128,OS2,22,8,0.044444444444444446,2,10,2
292,128,CoADA,21,5,0.22727272727272727,6,11,9
292,128,DSVDD,11,9,0.12301587301587301,8,21,19
292,128,AnoGAN,26,4,0.2,3,6,3
292,256,IsF,21,7,0.18181818181818182,5,11,10
292,256,COV,13,5,0.2440545808966863,13,19,20
292,256,SVM,20,9,0.045454545454545456,2,12,3
292,256,OS1,21,7,0.12727272727272726,4,11,7
292,256,OS2,25,5,0.09523809523809523,2,7,2
292,256,CoADA,26,5,0.06666666666666667,2,6,1
292,256,DSVDD,16,9,0.09583333333333334,5,16,10
292,256,AnoGAN,24,5,0.21428571428571427,4,8,6
314,32,IsF,37,7,0.18518518518518523,9,18,18
314,32,COV,22,11,0.12610479797979798,13,33,36
314,32,SVM,42,13,0.0,1,13,0
314,32,OS1,32,8,0.1702898550724637,11,23,26
314,32,OS2,48,6,0.047619047619047616,2,7,1
314,32,CoADA,35,10,0.13157894736842105,8,20,18
314,32,DSVDD,37,10,0.08061002178649236,5,18,8
314,32,AnoGAN,34,7,0.1884920634920634,11,21,23
314,64,IsF,40,8,0.14126984126984127,6,15,12
314,64,COV,28,9,0.12511870845204176,12,27,21
314,64,SVM,36,9,0.11988304093567251,8,19,11
314,64,OS1,37,7,0.16666666666666669,8,18,18
314,64,OS2,26,8,0.15045155993431847,13,29,34
314,64,CoADA,44,8,0.09090909090909091,4,11,4
314,64,DSVDD,38,12,0.05024509803921568,4,17,5
314,64,AnoGAN,37,7,0.19934640522875818,9,18,22
314,128,IsF,37,9,0.09912854030501089,6,18,11
314,128,COV,41,12,0.027472527472527472,3,14,2
314,128,SVM,32,15,0.053359683794466393,6,23,9
314,128,OS1,22,8,0.19197104978354934,22,33,40
314,128,OS2,32,10,0.13115942028985514,12,23,15
314,128,CoADA,20,10,0.12703081232493,14,35,39
314,128,DSVDD,34,11,0.0626984126984127,4,21,10
314,128,AnoGAN,18,9,0.15970077220077186,22,37,44
314,256,IsF,44,6,0.12424242424242424,4,11,5
314,256,COV,36,11,0.07358674463937621,6,19,8
314,256,SVM,40,8,0.09047619047619047,4,15,8
314,256,OS1,34,7,0.22587301587301575,13,21,26
314,256,OS2,39,10,0.09166666666666665,6,16,7
314,256,CoADA,42,9,0.057692307692307696,3,13,4
314,256,DSVDD,30,12,0.09055555555555558,8,25,18
314,256,AnoGAN,37,6,0.2669934640522875,12,18,24
345,32,IsF,38,5,0.20512820512820512,5,13,15
345,32,COV,39,11,0.015151515151515152,2,12,1
345,32,SVM,29,13,0.05916305916305916,5,22,10
345,32,OS1,33,4,0.2875816993464051,9,18,33
345,32,OS2,44,5,0.14285714285714285,3,7,3
345,32,CoADA,40,6,0.13333333333333333,4,11,6
345,32,DSVDD,29,12,0.06132756132756133,5,22,11
345,32,AnoGAN,15,5,0.2948299319727887,30,36,76
345,64,IsF,34,8,0.15073529411764705,6,17,19
345,64,COV,33,13,0.04139433551198257,4,18,5
345,64,SVM,36,12,0.0380952380952381,3,15,4
345,64,OS1,36,7,0.17142857142857143,6,15,18
345,64,OS2,30,7,0.203968253968254,8,21,31
345,64,CoADA,33,11,0.11437908496732026,6,18,17
345,64,DSVDD,38,8,0.07692307692307693,3,13,5
345,64,AnoGAN,32,5,0.2545808966861597,8,19,36
345,128,IsF,35,5,0.2583333333333334,7,16,27
345,128,COV,36,9,0.1126984126984127,6,15,8
345,128,SVM,19,10,0.16612903225806452,12,32,53
345,128,OS1,22,5,0.24105090311986904,16,29,55
345,128,OS2,40,4,0.39393939393939403,8,11,17
345,128,CoADA,20,14,0.08745519713261649,7,31,34
345,128,DSVDD,25,7,0.1871282051282049,14,26,29
345,128,AnoGAN,35,5,0.25694444444444453,7,16,27
345,256,IsF,45,5,0.06666666666666667,2,6,1
345,256,COV,32,11,0.06335282651072124,4,19,9
345,256,SVM,34,11,0.08088235294117647,4,17,10
345,256,OS1,43,5,0.125,3,8,3
345,256,OS2,45,5,0.06666666666666667,2,6,1
345,256,CoADA,28,6,0.23794466403162026,14,23,31
345,256,DSVDD,38,8,0.0811965811965812,4,13,5
345,256,AnoGAN,44,5,0.11904761904761904,3,7,2
429,32,IsF,23,7,0.18274853801169605,11,19,15
429,32,COV,23,12,0.08820662768031186,7,19,10
429,32,SVM,18,12,0.1193236714975846,12,24,14
429,32,OS1,31,7,0.09090909090909091,3,11,4
429,32,OS2,34,6,0.08928571428571429,3,8,2
429,32,CoADA,23,7,0.1972709551656921,11,19,19
429,32,DSVDD,28,11,0.04395604395604396,3,14,4
429,32,AnoGAN,31,8,0.08181818181818182,4,11,3
429,64,IsF,38,4,0.0,1,4,0
429,64,COV,19,12,0.0790513833992095,6,23,14
429,64,SVM,28,9,0.0695970695970696,4,14,5
429,64,OS1,39,3,0.0,1,3,0
429,64,OS2,32,7,0.0962962962962963,4,10,3
429,64,CoADA,38,4,0.0,1,4,0
429,64,DSVDD,31,8,0.06363636363636363,3,11,3
429,64,AnoGAN,12,4,0.3287903667214008,27,30,43
429,128,IsF,25,4,0.3179096638655464,14,17,19
429,128,COV,28,8,0.11080586080586079,6,14,6
429,128,SVM,24,9,0.0955337690631808,7,18,9
429,128,OS1,35,3,0.25396825396825395,4,7,4
429,128,OS2,31,8,0.05454545454545454,2,11,3
429,128,CoADA,28,8,0.11355311355311357,5,14,8
429,128,DSVDD,34,6,0.08928571428571429,3,8,2
429,128,AnoGAN,15,4,0.3137701804368473,24,27,33
429,256,IsF,12,4,0.29188195584747284,27,30,34
429,256,COV,35,5,0.11904761904761904,3,7,2
429,256,SVM,28,13,0.01098901098901099,2,14,1
429,256,OS1,34,3,0.27380952380952384,5,8,5
429,256,OS2,36,6,0.0,1,6,0
429,256,CoADA,29,7,0.1111111111111111,4,13,6
429,256,DSVDD,33,7,0.06944444444444445,3,9,2
429,256,AnoGAN,16,4,0.3360732600732603,23,26,37
454,32,IsF,39,4,0.23809523809523814,5,8,4
454,32,COV,39,7,0.03571428571428571,2,8,1
454,32,SVM,36,9,0.05454545454545454,3,11,3
454,32,OS1,41,5,0.06666666666666667,2,6,1
454,32,OS2,13,7,0.2828579916815205,27,34,62
454,32,CoADA,23,6,0.2722222222222222,17,24,34
454,32,DSVDD,33,13,0.01098901098901099,2,14,1
454,32,AnoGAN,40,3,0.30952380952380953,4,7,6
454,64,IsF,27,6,0.3219298245614033,15,20,35
454,64,COV,37,10,0.0,1,10,0
454,64,SVM,25,12,0.07142857142857142,6,22,12
454,64,OS1,29,5,0.3601307189542481,14,18,33
454,64,OS2,39,6,0.07142857142857142,2,8,2
454,64,CoADA,30,6,0.22034313725490207,11,17,15
454,64,DSVDD,34,8,0.10256410256410256,5,13,5
454,64,AnoGAN,25,6,0.25266955266955254,15,22,30
454,128,IsF,22,6,0.3039999999999997,20,25,39
454,128,COV,28,6,0.22017543859649127,11,19,23
454,128,SVM,24,15,0.04611330698287221,5,23,9
454,128,OS1,41,5,0.06666666666666667,2,6,1
454,128,OS2,38,6,0.09722222222222222,3,9,3
454,128,CoADA,22,6,0.24294444444444438,17,25,35
454,128,DSVDD,35,7,0.09090909090909091,3,12,5
454,128,AnoGAN,40,6,0.047619047619047616,2,7,1
454,256,IsF,28,6,0.21871345029239778,12,19,21
454,256,COV,34,10,0.038461538461538464,2,13,3
454,256,SVM,27,12,0.07675438596491227,7,20,9
454,256,OS1,26,6,0.274126984126984,15,21,30
454,256,OS2,35,6,0.23737373737373738,7,12,11
454,256,CoADA,21,9,0.1527692307692307,12,26,30
454,256,DSVDD,25,9,0.14350649350649353,11,22,17
454,256,AnoGAN,23,7,0.23429951690821252,16,24,33
528,32,IsF,30,7,0.1532186948853615,11,28,39
528,32,COV,41,10,0.12745098039215685,7,17,13
528,32,SVM,45,10,0.05128205128205128,3,13,4
528,32,OS1,26,9,0.1288642473118279,11,32,42
528,32,OS2,37,13,0.06587301587301587,5,21,11
528,32,CoADA,25,15,0.08522727272727271,8,33,30
528,32,DSVDD,14,14,0.08095489781536297,13,44,47
528,32,AnoGAN,50,7,0.03571428571428571,2,8,1
528,64,IsF,25,12,0.10290404040404039,10,33,36
528,64,COV,29,13,0.07512315270935961,7,29,21
528,64,SVM,28,10,0.1195402298850574,9,30,31
528,64,OS1,22,11,0.11208994708994702,13,36,40
528,64,OS2,15,10,0.11179401993355498,13,43,56
528,64,CoADA,30,12,0.1208112874779541,10,28,30
528,64,DSVDD,26,12,0.0883736559139785,6,32,36
528,64,AnoGAN,41,7,0.1470588235294118,7,17,13
528,128,IsF,29,10,0.10591133004926104,9,29,28
528,128,COV,39,17,0.011695906432748537,2,19,2
528,128,SVM,46,10,0.030303030303030304,2,12,2
528,128,OS1,27,10,0.11182795698924726,10,31,33
528,128,OS2,45,8,0.07692307692307693,3,13,5
528,128,CoADA,34,12,0.07608695652173915,6,24,14
528,128,DSVDD,34,15,0.043478260869565216,5,24,9
528,128,AnoGAN,30,10,0.11243386243386241,9,28,28
528,256,IsF,27,11,0.10896057347670247,8,31,33
528,256,COV,33,15,0.057222222222222216,5,25,13
528,256,SVM,31,17,0.037037037037037035,4,27,11
528,256,OS1,25,11,0.1040088383838383,10,33,33
528,256,OS2,26,7,0.14969758064516137,10,32,45
528,256,CoADA,18,12,0.09594017094017099,9,40,46
528,256,DSVDD,39,13,0.043859649122807015,3,19,7
528,256,AnoGAN,26,11,0.10870295698924722,10,32,32
574,32,IsF,22,9,0.045454545454545456,2,12,3
574,32,COV,7,15,0.08841405508072178,10,27,20
574,32,SVM,27,5,0.11904761904761904,3,7,2
574,32,OS1,21,10,0.038461538461538464,2,13,3
574,32,OS2,21,9,0.08974358974358974,4,13,7
574,32,CoADA,21,8,0.07051282051282051,3,13,5
574,32,DSVDD,19,10,0.07301587301587303,5,15,5
574,32,AnoGAN,23,11,0.0,1,11,0
574,64,IsF,14,12,0.0929824561403509,8,20,8
574,64,COV,17,5,0.20134803921568636,10,17,13
574,64,SVM,17,10,0.07352941176470588,4,17,9
574,64,OS1,20,13,0.01098901098901099,2,14,1
574,64,OS2,19,8,0.12380952380952381,6,15,8
574,64,CoADA,18,9,0.10138888888888889,5,16,9
574,64,DSVDD,25,6,0.1388888888888889,4,9,4
574,64,AnoGAN,22,12,0.0,1,12,0
574,128,IsF,27,6,0.047619047619047616,2,7,1
574,128,COV,20,6,0.16300366300366298,7,14,8
574,128,SVM,16,8,0.10457516339869281,5,18,12
574,128,OS1,25,6,0.125,4,9,3
574,128,OS2,20,8,0.13736263736263737,6,14,9
574,128,CoADA,11,11,0.10013175230566536,7,23,15
574,128,DSVDD,24,7,0.1,4,10,3
574,128,AnoGAN,20,9,0.07692307692307693,4,14,6
574,256,IsF,23,11,0.0,1,11,0
574,256,COV,17,7,0.15404411764705883,9,17,10
574,256,SVM,20,7,0.13186813186813187,6,14,7
574,256,OS1,19,12,0.04285714285714286,4,15,3
574,256,OS2,20,9,0.07692307692307693,4,14,6
574,256,CoADA,16,12,0.07026143790849673,6,18,7
574,256,DSVDD,18,8,0.13333333333333333,6,16,14
574,256,AnoGAN,20,13,0.01098901098901099,2,14,1
595,32,IsF,32,9,0.0,1,9,0
595,32,COV,26,7,0.11904761904761904,5,15,8
595,32,SVM,21,13,0.05789473684210526,5,20,8
595,32,OS1,21,6,0.25289473684210517,15,20,16
595,32,OS2,15,12,0.0758974358974359,7,26,15
595,32,CoADA,21,19,0.005263157894736842,2,20,1
595,32,DSVDD,29,9,0.045454545454545456,2,12,3
595,32,AnoGAN,25,16,0.0,1,16,0
595,64,IsF,26,7,0.17460317460317462,8,15,9
595,64,COV,33,8,0.0,1,8,0
595,64,SVM,27,12,0.02197802197802198,2,14,2
595,64,OS1,23,9,0.13289760348583882,8,18,11
595,64,OS2,29,5,0.18181818181818182,6,12,7
595,64,CoADA,15,17,0.06,7,26,14
595,64,DSVDD,26,10,0.05714285714285714,3,15,6
595,64,AnoGAN,29,4,0.24494949494949492,8,12,8
595,128,IsF,27,13,0.01098901098901099,2,14,1
595,128,COV,22,11,0.13304093567251465,9,19,12
595,128,SVM,23,4,0.35185185185185147,15,18,22
595,128,OS1,28,13,0.0,1,13,0
595,128,OS2,24,8,0.11580882352941174,7,17,9
595,128,CoADA,25,16,0.0,1,16,0
595,128,DSVDD,21,7,0.16271929824561412,11,20,13
595,128,AnoGAN,28,7,0.141025641025641,6,13,7
595,256,IsF,25,12,0.04583333333333333,4,16,4
595,256,COV,13,9,0.18309712773998477,18,28,31
595,256,SVM,11,9,0.10421455938697319,8,30,29
595,256,OS1,25,7,0.16666666666666666,8,16,9
595,256,OS2,21,7,0.1868421052631579,11,20,17
595,256,CoADA,14,16,0.06695156695156695,8,27,14
595,256,DSVDD,17,5,0.34571256038647435,20,24,35
595,256,AnoGAN,31,5,0.17777777777777778,4,10,7
610,32,IsF,28,5,0.1527777777777778,4,9,4
610,32,COV,22,11,0.047619047619047616,3,15,4
610,32,SVM,21,15,0.008333333333333333,2,16,1
610,32,OS1,25,5,0.23484848484848486,7,12,9
610,32,OS2,20,7,0.13112745098039214,6,17,12
610,32,CoADA,29,7,0.03571428571428571,2,8,1
610,32,DSVDD,20,8,0.11151960784313725,5,17,12
610,32,AnoGAN,14,7,0.26870882740447966,17,23,28
610,64,IsF,25,7,0.12626262626262627,5,12,6
610,64,COV,18,9,0.07309941520467836,4,19,10
610,64,SVM,24,10,0.0641025641025641,4,13,4
610,64,OS1,26,8,0.09090909090909091,4,11,4
610,64,OS2,28,6,0.09722222222222222,3,9,3
610,64,CoADA,22,10,0.0761904761904762,5,15,5
610,64,DSVDD,19,11,0.05228758169934641,3,18,7
610,64,AnoGAN,16,6,0.30888888888888866,16,21,28
610,128,IsF,32,4,0.1,2,5,1
610,128,COV,22,15,0.0,1,15,0
610,128,SVM,27,6,0.11851851851851854,4,10,4
610,128,OS1,29,4,0.19642857142857142,4,8,4
610,128,OS2,24,6,0.16666666666666666,6,13,9
610,128,CoADA,31,5,0.06666666666666667,2,6,1
610,128,DSVDD,28,6,0.1111111111111111,3,9,4
610,128,AnoGAN,16,7,0.19952380952380952,12,21,21
610,256,IsF,26,7,0.10909090909090909,4,11,5
610,256,COV,12,10,0.11166666666666664,9,25,19
610,256,SVM,20,9,0.10294117647058823,6,17,10
610,256,OS1,21,7,0.11944444444444445,5,16,10
610,256,OS2,17,5,0.15964912280701754,8,20,18
610,256,CoADA,22,7,0.1,4,15,9
610,256,DSVDD,26,6,0.14545454545454545,4,11,7
610,256,AnoGAN,25,8,0.06060606060606061,2,12,4
611,32,IsF,47,17,0.06747152194211019,14,51,40
611,32,COV,65,23,0.026515151515151516,5,33,10
611,32,SVM,58,25,0.03376068376068376,6,40,19
611,32,OS1,51,24,0.03391921060746223,7,47,26
611,32,OS2,46,23,0.04473353443941678,9,52,35
611,32,CoADA,52,23,0.03784219001610306,6,46,27
611,32,DSVDD,63,22,0.03361344537815126,6,35,14
611,32,AnoGAN,49,23,0.036989795918367346,7,49,30
611,64,IsF,73,17,0.028333333333333332,3,25,8
611,64,COV,50,30,0.02563534278959811,7,48,22
611,64,SVM,24,22,0.05662717512032575,19,74,69
611,64,OS1,45,22,0.04420657958393806,8,53,39
611,64,OS2,74,18,0.025362318840579712,3,24,7
611,64,CoADA,47,25,0.04594771241830062,13,51,34
611,64,DSVDD,53,22,0.046801346801346774,10,45,31
611,64,AnoGAN,44,22,0.043559282552993225,9,54,40
611,128,IsF,72,17,0.031794871794871796,4,26,9
611,128,COV,63,26,0.018487394957983194,3,35,10
611,128,SVM,66,22,0.021169354838709676,3,32,10
611,128,OS1,56,21,0.040263259775454904,6,42,26
611,128,OS2,56,18,0.05187766163375919,8,42,29
611,128,CoADA,38,21,0.05314500941619583,13,60,50
611,128,DSVDD,66,20,0.033602150537634407,5,32,12
611,128,AnoGAN,56,22,0.03852109949670926,6,42,25
611,256,IsF,68,18,0.03295019157088122,4,30,12
611,256,COV,53,22,0.03005050505050505,5,45,23
611,256,SVM,55,23,0.03689553340716132,8,43,22
611,256,OS1,47,22,0.04464052287581698,7,51,36
611,256,OS2,71,19,0.027065527065527065,3,27,9
611,256,CoADA,49,22,0.05162981859410428,10,49,34
611,256,DSVDD,58,23,0.03504273504273505,8,40,19
611,256,AnoGAN,44,22,0.04431632890752386,8,54,40
678,32,IsF,45,2,0.7083333333333334,8,9,23
678,32,COV,35,8,0.30116959064327486,12,19,38
678,32,SVM,42,6,0.14267676767676768,5,12,7
678,32,OS1,45,2,0.7222222222222222,8,9,24
678,32,OS2,31,5,0.4453227931488805,18,23,79
678,32,CoADA,36,14,0.0392156862745098,4,18,5
678,32,DSVDD,36,5,0.247276688453159,9,18,31
678,32,AnoGAN,41,2,0.6506410256410253,12,13,40
678,64,IsF,31,4,0.5395256916996052,20,23,91
678,64,COV,41,10,0.0641025641025641,4,13,4
678,64,SVM,37,11,0.06985294117647059,5,17,6
678,64,OS1,37,3,0.5710784313725491,14,17,64
678,64,OS2,27,4,0.5902184235517562,24,27,147
678,64,CoADA,40,4,0.31318681318681324,9,14,20
678,64,DSVDD,47,4,0.16666666666666666,3,7,3
678,64,AnoGAN,39,4,0.5158730158730158,12,15,43
678,128,IsF,30,4,0.5181159420289861,20,24,102
678,128,COV,20,8,0.22222222222222224,14,34,81
678,128,SVM,36,9,0.13725490196078433,7,18,15
678,128,OS1,30,4,0.5181159420289861,20,24,102
678,128,OS2,19,4,0.5057422969187684,32,35,167
678,128,CoADA,27,4,0.487654320987654,24,27,96
678,128,DSVDD,40,8,0.14285714285714285,6,14,10
678,128,AnoGAN,39,3,0.6095238095238094,13,15,51
678,256,IsF,43,3,0.5909090909090909,9,11,29
678,256,COV,39,9,0.15714285714285714,7,15,12
678,256,SVM,40,13,0.01098901098901099,2,14,1
678,256,OS1,39,4,0.4857142857142857,11,15,46
678,256,OS2,43,3,0.5545454545454546,9,11,25
678,256,CoADA,26,5,0.37830687830687787,20,28,104
678,256,DSVDD,41,8,0.09615384615384616,4,13,6
678,256,AnoGAN,41,4,0.5256410256410257,10,13,37
797,32,IsF,26,7,0.0,1,7,0
797,32,COV,23,8,0.044444444444444446,2,10,2
797,32,SVM,25,7,0.03571428571428571,2,8,1
797,32,OS1,24,9,0.0,1,9,0
797,32,OS2,15,10,0.08169934640522876,5,18,9
797,32,CoADA,17,16,0.0,1,16,0
797,32,DSVDD,20,7,0.10042735042735043,4,13,6
797,32,AnoGAN,24,4,0.1898148148148148,4,9,5
797,64,IsF,18,11,0.047619047619047616,3,15,4
797,64,COV,21,8,0.06818181818181818,3,12,4
797,64,SVM,14,15,0.02631578947368421,3,19,4
797,64,OS1,21,11,0.015151515151515152,2,12,1
797,64,OS2,17,12,0.03333333333333333,2,16,4
797,64,CoADA,19,14,0.0,1,14,0
797,64,DSVDD,16,11,0.05759803921568628,4,17,6
797,64,AnoGAN,24,4,0.23148148148148145,5,9,6
797,128,IsF,25,8,0.0,1,8,0
797,128,COV,25,7,0.03571428571428571,2,8,1
797,128,SVM,21,12,0.0,1,12,0
797,128,OS1,22,10,0.01818181818181818,2,11,1
797,128,OS2,11,15,0.03896103896103896,4,22,8
797,128,CoADA,17,16,0.0,1,16,0
797,128,DSVDD,20,8,0.07051282051282051,3,13,5
797,128,AnoGAN,18,15,0.0,1,15,0
797,256,IsF,18,10,0.09523809523809523,6,15,5
797,256,COV,19,11,0.047619047619047616,4,14,3
797,256,SVM,21,8,0.07575757575757576,3,12,4
797,256,OS1,19,14,0.0,1,14,0
797,256,OS2,21,7,0.09090909090909091,3,12,5
797,256,CoADA,16,16,0.007352941176470588,2,17,1
797,256,DSVDD,20,10,0.038461538461538464,2,13,3
797,256,AnoGAN,25,3,0.2976190476190476,5,8,6
882,32,IsF,24,5,0.23333333333333328,7,11,6
882,32,COV,13,16,0.041991341991341996,6,22,6
882,32,SVM,7,14,0.11640211640211631,13,28,17
882,32,OS1,23,5,0.25252525252525254,8,12,7
882,32,OS2,16,15,0.02631578947368421,3,19,4
882,32,CoADA,18,15,0.014705882352941176,2,17,2
882,32,DSVDD,9,14,0.077948717948718,9,26,13
882,32,AnoGAN,25,10,0.0,1,10,0
882,64,IsF,29,6,0.0,1,6,0
882,64,COV,21,13,0.01098901098901099,2,14,1
882,64,SVM,11,14,0.04981884057971013,5,24,10
882,64,OS1,22,12,0.01282051282051282,2,13,1
882,64,OS2,28,7,0.0,1,7,0
882,64,CoADA,21,11,0.038461538461538464,3,14,3
882,64,DSVDD,22,8,0.07692307692307693,3,13,6
882,64,AnoGAN,22,12,0.01282051282051282,2,13,1
882,128,IsF,26,9,0.0,1,9,0
882,128,COV,25,9,0.022222222222222223,2,10,1
882,128,SVM,24,10,0.01818181818181818,2,11,1
882,128,OS1,30,5,0.0,1,5,0
882,128,OS2,26,8,0.027777777777777776,2,9,1
882,128,CoADA,15,18,0.010526315789473684,2,20,2
882,128,DSVDD,9,16,0.04205128205128205,5,26,10
882,128,AnoGAN,30,5,0.0,1,5,0
882,256,IsF,32,3,0.0,1,3,0
882,256,COV,30,5,0.0,1,5,0
882,256,SVM,28,6,0.047619047619047616,2,7,1
882,256,OS1,12,3,0.409749670619236,20,23,28
882,256,OS2,18,13,0.03308823529411765,3,17,4
882,256,CoADA,31,4,0.0,1,4,0
882,256,DSVDD,14,9,0.09960317460317461,6,21,14
882,256,AnoGAN,14,4,0.39285714285714274,18,21,20
884,32,IsF,25,13,0.0,1,13,0
884,32,COV,20,10,0.08496732026143791,5,18,11
884,32,SVM,19,6,0.19980506822612085,10,19,19
884,32,OS1,22,12,0.05,4,16,5
884,32,OS2,8,7,0.22544061302682006,20,30,40
884,32,CoADA,19,14,0.04678362573099415,4,19,7
884,32,DSVDD,30,6,0.10714285714285714,3,8,3
884,32,AnoGAN,28,7,0.06666666666666667,2,10,3
884,64,IsF,27,10,0.01818181818181818,2,11,1
884,64,COV,19,11,0.07212475633528265,4,19,10
884,64,SVM,27,7,0.13636363636363635,5,11,5
884,64,OS1,23,13,0.01904761904761905,2,15,2
884,64,OS2,34,4,0.0,1,4,0
884,64,CoADA,19,15,0.038011695906432746,4,19,6
884,64,DSVDD,21,8,0.16911764705882354,8,17,15
884,64,AnoGAN,31,3,0.34126984126984133,5,7,5
884,128,IsF,27,8,0.05454545454545454,2,11,3
884,128,COV,30,7,0.03571428571428571,2,8,1
884,128,SVM,15,11,0.10474308300395258,7,23,20
884,128,OS1,29,9,0.0,1,9,0
884,128,OS2,29,5,0.20370370370370372,5,9,5
884,128,CoADA,22,12,0.058333333333333334,5,16,4
884,128,DSVDD,21,8,0.13235294117647053,8,17,9
884,128,AnoGAN,32,4,0.13333333333333333,2,6,2
884,256,IsF,23,10,0.06666666666666667,4,15,5
884,256,COV,14,9,0.1071859903381643,9,24,18
884,256,SVM,18,15,0.039473684210526314,4,20,6
884,256,OS1,21,11,0.058823529411764705,4,17,6
884,256,OS2,26,5,0.17929292929292928,5,12,8
884,256,CoADA,26,9,0.06565656565656565,4,12,3
884,256,DSVDD,33,5,0.0,1,5,0
884,256,AnoGAN,25,5,0.2393162393162393,8,13,11
886,32,IsF,16,4,0.3476190476190476,10,15,26
886,32,COV,16,7,0.11428571428571428,5,15,9
886,32,SVM,18,11,0.038461538461538464,3,13,3
886,32,OS1,19,4,0.42424242424242425,9,12,20
886,32,OS2,16,7,0.146031746031746,7,15,8
886,32,CoADA,19,9,0.045454545454545456,2,12,3
886,32,DSVDD,21,9,0.022222222222222223,2,10,1
886,32,AnoGAN,26,4,0.1,2,5,1
886,64,IsF,13,5,0.2973856209150327,11,18,32
886,64,COV,15,6,0.14722222222222223,7,16,11
886,64,SVM,8,8,0.11277997364953889,7,23,16
886,64,OS1,8,5,0.34110671936758896,18,23,41
886,64,OS2,12,8,0.19493177387914226,10,19,21
886,64,CoADA,22,4,0.25,5,9,7
886,64,DSVDD,16,11,0.050793650793650794,4,15,4
886,64,AnoGAN,14,5,0.28051470588235294,12,17,20
886,128,IsF,24,4,0.19047619047619047,3,7,4
886,128,COV,21,9,0.022222222222222223,2,10,1
886,128,SVM,23,5,0.17857142857142858,4,8,4
886,128,OS1,13,6,0.21078431372549028,11,18,19
886,128,OS2,22,8,0.027777777777777776,2,9,1
886,128,CoADA,23,6,0.08928571428571429,3,8,2
886,128,DSVDD,22,8,0.027777777777777776,2,9,1
886,128,AnoGAN,20,5,0.18787878787878787,4,11,9
886,256,IsF,20,4,0.3696969696969697,8,11,14
886,256,COV,19,8,0.08333333333333333,4,12,4
886,256,SVM,17,10,0.05860805860805861,4,14,4
886,256,OS1,24,4,0.2619047619047619,4,7,5
886,256,OS2,25,5,0.06666666666666667,2,6,1
886,256,CoADA,21,5,0.24444444444444444,6,10,7
886,256,DSVDD,19,8,0.07575757575757576,3,12,4
886,256,AnoGAN,21,5,0.2111111111111111,5,10,8
1053,32,IsF,25,9,0.11249999999999999,6,16,10
1053,32,COV,21,10,0.10745614035087722,8,20,12
1053,32,SVM,21,6,0.19385964912280695,10,20,20
1053,32,OS1,22,10,0.12280701754385967,8,19,13
1053,32,OS2,33,6,0.07142857142857142,2,8,2
1053,32,CoADA,25,16,0.0,1,16,0
1053,32,DSVDD,28,9,0.057692307692307696,3,13,4
1053,32,AnoGAN,17,10,0.1120772946859904,10,24,18
1053,64,IsF,23,5,0.2630718954248364,12,18,20
1053,64,COV,25,14,0.020833333333333332,3,16,2
1053,64,SVM,20,17,0.030952380952380953,4,21,6
1053,64,OS1,36,4,0.1,2,5,1
1053,64,OS2,30,7,0.14242424242424243,5,11,6
1053,64,CoADA,28,8,0.10256410256410256,4,13,7
1053,64,DSVDD,28,9,0.07692307692307693,4,13,5
1053,64,AnoGAN,36,4,0.1,2,5,1
1053,128,IsF,25,7,0.12916666666666662,7,16,9
1053,128,COV,19,11,0.09740259740259741,7,22,17
1053,128,SVM,33,7,0.03571428571428571,2,8,1
1053,128,OS1,30,7,0.1,3,11,5
1053,128,OS2,30,7,0.09090909090909091,3,11,5
1053,128,CoADA,23,7,0.23692810457516345,12,18,17
1053,128,DSVDD,30,7,0.1,3,11,5
1053,128,AnoGAN,37,4,0.0,1,4,0
1053,256,IsF,30,7,0.10909090909090909,4,11,5
1053,256,COV,27,7,0.18315018315018317,7,14,12
1053,256,SVM,18,7,0.14855072463768115,9,23,23
1053,256,OS1,29,7,0.12626262626262627,5,12,6
1053,256,OS2,29,8,0.12878787878787878,5,12,7
1053,256,CoADA,33,7,0.03571428571428571,2,8,1
1053,256,DSVDD,24,10,0.09926470588235292,6,17,10
1053,256,AnoGAN,18,5,0.2789855072463766,18,23,29
1165,32,IsF,16,8,0.13450292397660818,6,19,16
1165,32,COV,24,9,0.05454545454545454,3,11,3
1165,32,SVM,10,15,0.06333333333333334,5,25,16
1165,32,OS1,13,7,0.15584415584415584,9,22,21
1165,32,OS2,27,7,0.03571428571428571,2,8,1
1165,32,CoADA,25,7,0.07777777777777778,3,10,3
1165,32,DSVDD,30,3,0.25,3,5,2
1165,32,AnoGAN,19,7,0.1125,4,16,11
1165,64,IsF,18,7,0.15196078431372553,6,17,16
1165,64,COV,23,8,0.11363636363636363,5,12,5
1165,64,SVM,27,8,0.0,1,8,0
1165,64,OS1,16,7,0.16081871345029242,7,19,19
1165,64,OS2,17,11,0.058823529411764705,3,18,8
1165,64,CoADA,21,8,0.10805860805860806,5,14,8
1165,64,DSVDD,25,7,0.1,4,10,3
1165,64,AnoGAN,27,5,0.14285714285714285,3,8,4
1165,128,IsF,27,5,0.125,3,8,3
1165,128,COV,23,8,0.10606060606060606,4,12,7
1165,128,SVM,24,10,0.01818181818181818,2,11,1
1165,128,OS1,31,3,0.16666666666666666,2,4,1
1165,128,OS2,26,7,0.06944444444444445,3,9,2
1165,128,CoADA,16,10,0.0847953216374269,6,19,10
1165,128,DSVDD,22,7,0.10256410256410256,3,13,8
1165,128,AnoGAN,12,4,0.34657444005270105,20,23,27
1165,256,IsF,22,10,0.05555555555555555,4,13,3
1165,256,COV,16,13,0.049707602339181284,4,19,7
1165,256,SVM,25,9,0.022222222222222223,2,10,1
1165,256,OS1,21,6,0.16758241758241754,6,14,11
1165,256,OS2,15,14,0.04736842105263158,4,20,8
1165,256,CoADA,21,9,0.09340659340659341,5,14,6
1165,256,DSVDD,20,12,0.02857142857142857,2,15,3
1165,256,AnoGAN,24,6,0.1606060606060606,5,11,7
1272,32,IsF,40,11,0.015151515151515152,2,12,1
1272,32,COV,35,16,0.007352941176470588,2,17,1
1272,32,SVM,34,7,0.24575163398692798,12,18,20
1272,32,OS1,37,6,0.13047619047619047,6,15,9
1272,32,OS2,34,8,0.1111111111111111,5,18,14
1272,32,CoADA,35,8,0.13443627450980397,7,17,13
1272,32,DSVDD,28,13,0.060990338164251215,5,24,13
1272,32,AnoGAN,30,13,0.08832199546485262,10,22,9
1272,64,IsF,38,7,0.11721611721611723,5,14,8
1272,64,COV,35,11,0.06985294117647059,4,17,9
1272,64,SVM,41,6,0.1484848484848485,5,11,6
1272,64,OS1,33,6,0.15399610136452246,8,19,17
1272,64,OS2,41,8,0.07272727272727272,3,11,4
1272,64,CoADA,43,6,0.1111111111111111,3,9,4
1272,64,DSVDD,26,12,0.09923076923076923,9,26,23
1272,64,AnoGAN,43,6,0.08333333333333333,2,9,3
1272,128,IsF,31,10,0.08571428571428572,5,21,14
1272,128,COV,19,10,0.17043199855699848,22,33,32
1272,128,SVM,37,8,0.10476190476190476,4,15,10
1272,128,OS1,40,8,0.10606060606060606,4,12,7
1272,128,OS2,33,7,0.15204678362573099,8,19,18
1272,128,CoADA,41,5,0.17878787878787877,5,11,8
1272,128,DSVDD,34,12,0.049019607843137254,3,18,7
1272,128,AnoGAN,38,9,0.08791208791208792,4,14,8
1272,256,IsF,42,5,0.17037037037037037,5,10,5
1272,256,COV,43,7,0.06944444444444445,3,9,2
1272,256,SVM,24,20,0.03835978835978836,5,28,14
1272,256,OS1,36,5,0.19152777777777782,8,16,14
1272,256,OS2,46,5,0.06666666666666667,2,6,1
1272,256,CoADA,41,7,0.08181818181818182,3,11,4
1272,256,DSVDD,36,9,0.11069444444444443,7,16,8
1272,256,AnoGAN,29,5,0.26317209360687627,19,23,30
1298,32,IsF,60,10,0.11288998357963871,10,29,31
1298,32,COV,56,32,0.001893939393939394,2,33,1
1298,32,SVM,30,15,0.09359049288914854,18,59,64
1298,32,OS1,76,6,0.1282051282051282,4,13,9
1298,32,OS2,63,8,0.18512820512820496,13,26,32
1298,32,CoADA,53,10,0.11772486772486776,12,36,43
1298,32,DSVDD,43,27,0.034782608695652174,6,46,30
1298,32,AnoGAN,70,9,0.10526315789473684,5,19,16
1298,64,IsF,66,11,0.09749670619235838,7,23,19
1298,64,COV,36,29,0.03332123850991775,8,53,28
1298,64,SVM,64,16,0.04555555555555555,5,25,11
1298,64,OS1,76,7,0.12179487179487179,4,13,9
1298,64,OS2,74,11,0.06190476190476191,4,15,6
1298,64,CoADA,69,11,0.06842105263157895,4,20,11
1298,64,DSVDD,44,20,0.05925925925925924,11,45,34
1298,64,AnoGAN,58,9,0.15451612903225806,15,31,40
1298,128,IsF,50,10,0.13708951866846608,20,39,43
1298,128,COV,55,11,0.09387997623291737,9,34,35
1298,128,SVM,70,11,0.14619883040935672,8,19,21
1298,128,OS1,59,8,0.17417624521072786,17,30,34
1298,128,OS2,62,12,0.07431149097815766,6,27,19
1298,128,CoADA,71,16,0.013071895424836602,2,18,2
1298,128,DSVDD,35,22,0.08443978569764744,17,54,61
1298,128,AnoGAN,63,8,0.15153846153846146,13,26,26
1298,256,IsF,39,12,0.09346938775510216,15,50,66
1298,256,COV,50,24,0.039811066126855615,9,39,18
1298,256,SVM,49,40,0.0,1,40,0
1298,256,OS1,50,12,0.09874044084570406,12,39,51
1298,256,OS2,72,12,0.06004901960784313,5,17,6
1298,256,CoADA,59,13,0.08505747126436781,10,30,24
1298,256,DSVDD,70,15,0.023391812865497075,2,19,4
1298,256,AnoGAN,55,11,0.11125965537730238,11,34,45
1558,32,IsF,19,8,0.12291666666666665,7,16,8
1558,32,COV,20,9,0.0761904761904762,4,15,6
1558,32,SVM,19,10,0.07083333333333333,4,16,7
1558,32,OS1,20,4,0.22222222222222224,9,15,11
1558,32,OS2,17,11,0.07734204793028322,5,18,10
1558,32,CoADA,21,7,0.1336996336996337,5,14,9
1558,32,DSVDD,23,10,0.03787878787878788,3,12,2
1558,32,AnoGAN,22,6,0.19764957264957259,8,13,7
1558,64,IsF,12,6,0.1880105401844532,14,23,20
1558,64,COV,20,8,0.12063492063492062,6,15,9
1558,64,SVM,27,6,0.08928571428571429,3,8,2
1558,64,OS1,15,5,0.20815789473684204,12,20,18
1558,64,OS2,30,5,0.0,1,5,0
1558,64,CoADA,21,8,0.10256410256410257,5,14,7
1558,64,DSVDD,17,12,0.05555555555555555,4,18,8
1558,64,AnoGAN,19,6,0.21250000000000008,9,16,15
1558,128,IsF,16,5,0.22582846003898632,11,19,23
1558,128,COV,25,7,0.07777777777777778,3,10,3
1558,128,SVM,18,12,0.04656862745098039,4,17,5
1558,128,OS1,28,5,0.11904761904761904,3,7,2
1558,128,OS2,15,7,0.20938596491228076,13,20,18
1558,128,CoADA,21,7,0.14468864468864467,6,14,10
1558,128,DSVDD,21,10,0.04395604395604396,2,14,4
1558,128,AnoGAN,17,7,0.20718954248366026,11,18,16
1558,256,IsF,21,5,0.21886446886446892,8,14,13
1558,256,COV,18,13,0.0392156862745098,4,17,4
1558,256,SVM,26,7,0.05555555555555555,2,9,2
1558,256,OS1,26,4,0.2638888888888888,6,9,5
1558,256,OS2,15,6,0.21780284043441944,14,20,19
1558,256,CoADA,18,10,0.07598039215686274,4,17,8
1558,256,DSVDD,16,10,0.07602339181286549,4,19,10
1558,256,AnoGAN,17,8,0.15958605664488026,9,18,15
1663,32,IsF,22,7,0.08333333333333333,3,12,5
1663,32,COV,19,9,0.08253968253968254,5,15,6
1663,32,SVM,11,9,0.09683794466403162,5,23,19
1663,32,OS1,19,8,0.08571428571428572,4,15,8
1663,32,OS2,12,9,0.09126984126984125,6,22,14
1663,32,CoADA,21,11,0.03205128205128205,3,13,2
1663,32,DSVDD,17,12,0.04044117647058824,3,17,5
1663,32,AnoGAN,21,6,0.13034188034188035,5,13,7
1663,64,IsF,23,7,0.09090909090909091,3,11,4
1663,64,COV,17,8,0.1111519607843137,7,17,9
1663,64,SVM,18,6,0.21944444444444453,11,16,11
1663,64,OS1,22,7,0.09090909090909091,3,12,5
1663,64,OS2,22,5,0.18686868686868688,5,12,9
1663,64,CoADA,21,11,0.03205128205128205,3,13,2
1663,64,DSVDD,17,9,0.09129901960784315,5,17,9
1663,64,AnoGAN,18,9,0.07916666666666666,4,16,7
1663,128,IsF,22,9,0.045454545454545456,2,12,3
1663,128,COV,16,9,0.07734204793028322,4,18,9
1663,128,SVM,14,12,0.06578947368421052,4,20,12
1663,128,OS1,27,7,0.0,1,7,0
1663,128,OS2,24,7,0.07777777777777778,3,10,3
1663,128,CoADA,21,10,0.04487179487179487,3,13,3
1663,128,DSVDD,19,10,0.08095238095238096,5,15,6
1663,128,AnoGAN,26,7,0.03571428571428571,2,8,1
1663,256,IsF,25,7,0.08333333333333333,3,9,3
1663,256,COV,26,8,0.0,1,8,0
1663,256,SVM,15,12,0.04678362573099415,3,19,7
1663,256,OS1,20,7,0.15018315018315018,6,14,10
1663,256,OS2,20,7,0.1043956043956044,4,14,8
1663,256,CoADA,24,8,0.05555555555555555,3,10,2
1663,256,DSVDD,20,11,0.038461538461538464,3,14,3
1663,256,AnoGAN,23,7,0.09090909090909091,3,11,5
